respondent_id,version,task,best_item,worst_item,gender,age_group,region
1,2,1,1,12,Female,35-54,West
1,2,2,2,14,Female,35-54,West
1,2,3,5,15,Female,35-54,West
1,2,4,4,13,Female,35-54,West
1,2,5,1,15,Female,35-54,West
1,2,6,2,12,Female,35-54,West
1,2,7,1,7,Female,35-54,West
1,2,8,2,14,Female,35-54,West
1,2,9,12,15,Female,35-54,West
1,2,10,7,10,Female,35-54,West
1,2,11,2,15,Female,35-54,West
1,2,12,1,14,Female,35-54,West
2,1,1,2,15,Female,55+,East
2,1,2,1,13,Female,55+,East
2,1,3,7,14,Female,55+,East
2,1,4,1,6,Female,55+,East
2,1,5,2,14,Female,55+,East
2,1,6,5,15,Female,55+,East
2,1,7,1,13,Female,55+,East
2,1,8,8,9,Female,55+,East
2,1,9,4,14,Female,55+,East
2,1,10,1,7,Female,55+,East
2,1,11,12,15,Female,55+,East
2,1,12,2,8,Female,55+,East
3,2,1,1,3,Male,35-54,East
3,2,2,2,14,Male,35-54,East
3,2,3,6,13,Male,35-54,East
3,2,4,11,13,Male,35-54,East
3,2,5,7,15,Male,35-54,East
3,2,6,2,14,Male,35-54,East
3,2,7,1,4,Male,35-54,East
3,2,8,2,14,Male,35-54,East
3,2,9,10,13,Male,35-54,East
3,2,10,4,10,Male,35-54,East
3,2,11,2,15,Male,35-54,East
3,2,12,1,14,Male,35-54,East
4,1,1,2,9,Female,55+,South
4,1,2,1,10,Female,55+,South
4,1,3,7,6,Female,55+,South
4,1,4,1,6,Female,55+,South
4,1,5,3,14,Female,55+,South
4,1,6,5,15,Female,55+,South
4,1,7,1,13,Female,55+,South
4,1,8,3,8,Female,55+,South
4,1,9,2,15,Female,55+,South
4,1,10,3,9,Female,55+,South
4,1,11,5,15,Female,55+,South
4,1,12,2,8,Female,55+,South
5,2,1,7,12,Male,35-54,East
5,2,2,8,9,Male,35-54,East
5,2,3,5,15,Male,35-54,East
5,2,4,9,10,Male,35-54,East
5,2,5,1,15,Male,35-54,East
5,2,6,2,14,Male,35-54,East
5,2,7,1,11,Male,35-54,East
5,2,8,2,14,Male,35-54,East
5,2,9,8,15,Male,35-54,East
5,2,10,4,10,Male,35-54,East
5,2,11,6,12,Male,35-54,East
5,2,12,8,14,Male,35-54,East
6,1,1,2,11,Female,18-34,South
6,1,2,10,13,Female,18-34,South
6,1,3,14,8,Female,18-34,South
6,1,4,1,8,Female,18-34,South
6,1,5,3,7,Female,18-34,South
6,1,6,5,15,Female,18-34,South
6,1,7,1,13,Female,18-34,South
6,1,8,5,11,Female,18-34,South
6,1,9,2,4,Female,18-34,South
6,1,10,3,9,Female,18-34,South
6,1,11,5,11,Female,18-34,South
6,1,12,14,13,Female,18-34,South
7,2,1,1,7,Male,18-34,South
7,2,2,8,14,Male,18-34,South
7,2,3,6,13,Male,18-34,South
7,2,4,11,9,Male,18-34,South
7,2,5,6,7,Male,18-34,South
7,2,6,12,14,Male,18-34,South
7,2,7,1,7,Male,18-34,South
7,2,8,2,9,Male,18-34,South
7,2,9,8,13,Male,18-34,South
7,2,10,4,7,Male,18-34,South
7,2,11,2,13,Male,18-34,South
7,2,12,3,14,Male,18-34,South
8,1,1,5,15,Male,18-34,West
8,1,2,1,13,Male,18-34,West
8,1,3,4,14,Male,18-34,West
8,1,4,1,9,Male,18-34,West
8,1,5,7,14,Male,18-34,West
8,1,6,12,15,Male,18-34,West
8,1,7,1,13,Male,18-34,West
8,1,8,3,9,Male,18-34,West
8,1,9,2,12,Male,18-34,West
8,1,10,1,10,Male,18-34,West
8,1,11,4,12,Male,18-34,West
8,1,12,2,13,Male,18-34,West
9,2,1,1,12,Female,55+,West
9,2,2,4,8,Female,55+,West
9,2,3,5,15,Female,55+,West
9,2,4,4,13,Female,55+,West
9,2,5,1,15,Female,55+,West
9,2,6,2,8,Female,55+,West
9,2,7,1,11,Female,55+,West
9,2,8,2,6,Female,55+,West
9,2,9,10,8,Female,55+,West
9,2,10,4,9,Female,55+,West
9,2,11,2,6,Female,55+,West
9,2,12,1,8,Female,55+,West
10,1,1,5,15,Female,35-54,South
10,1,2,1,12,Female,35-54,South
10,1,3,4,8,Female,35-54,South
10,1,4,1,9,Female,35-54,South
10,1,5,2,14,Female,35-54,South
10,1,6,5,15,Female,35-54,South
10,1,7,1,13,Female,35-54,South
10,1,8,3,8,Female,35-54,South
10,1,9,2,12,Female,35-54,South
10,1,10,10,7,Female,35-54,South
10,1,11,4,15,Female,35-54,South
10,1,12,2,13,Female,35-54,South
11,2,1,1,12,Male,55+,East
11,2,2,4,8,Male,55+,East
11,2,3,10,13,Male,55+,East
11,2,4,10,13,Male,55+,East
11,2,5,7,15,Male,55+,East
11,2,6,2,14,Male,55+,East
11,2,7,1,11,Male,55+,East
11,2,8,2,6,Male,55+,East
11,2,9,10,8,Male,55+,East
11,2,10,4,9,Male,55+,East
11,2,11,2,15,Male,55+,East
11,2,12,1,8,Male,55+,East
12,1,1,2,15,Female,55+,West
12,1,2,1,12,Female,55+,West
12,1,3,7,8,Female,55+,West
12,1,4,1,8,Female,55+,West
12,1,5,2,4,Female,55+,West
12,1,6,5,15,Female,55+,West
12,1,7,1,6,Female,55+,West
12,1,8,5,8,Female,55+,West
12,1,9,2,12,Female,55+,West
12,1,10,1,9,Female,55+,West
12,1,11,11,12,Female,55+,West
12,1,12,2,8,Female,55+,West
13,2,1,1,11,Male,35-54,North
13,2,2,2,14,Male,35-54,North
13,2,3,13,15,Male,35-54,North
13,2,4,4,11,Male,35-54,North
13,2,5,1,15,Male,35-54,North
13,2,6,2,14,Male,35-54,North
13,2,7,1,11,Male,35-54,North
13,2,8,2,6,Male,35-54,North
13,2,9,12,15,Male,35-54,North
13,2,10,4,10,Male,35-54,North
13,2,11,2,6,Male,35-54,North
13,2,12,1,14,Male,35-54,North
14,1,1,2,15,Female,35-54,East
14,1,2,1,13,Female,35-54,East
14,1,3,4,14,Female,35-54,East
14,1,4,1,11,Female,35-54,East
14,1,5,3,7,Female,35-54,East
14,1,6,13,12,Female,35-54,East
14,1,7,1,13,Female,35-54,East
14,1,8,3,11,Female,35-54,East
14,1,9,2,15,Female,35-54,East
14,1,10,1,9,Female,35-54,East
14,1,11,4,15,Female,35-54,East
14,1,12,2,13,Female,35-54,East
15,2,1,1,11,Male,18-34,West
15,2,2,8,14,Male,18-34,West
15,2,3,10,15,Male,18-34,West
15,2,4,4,9,Male,18-34,West
15,2,5,1,15,Male,18-34,West
15,2,6,2,14,Male,18-34,West
15,2,7,1,4,Male,18-34,West
15,2,8,14,6,Male,18-34,West
15,2,9,10,15,Male,18-34,West
15,2,10,4,9,Male,18-34,West
15,2,11,6,15,Male,18-34,West
15,2,12,1,14,Male,18-34,West
16,1,1,2,15,Male,18-34,East
16,1,2,1,13,Male,18-34,East
16,1,3,8,14,Male,18-34,East
16,1,4,1,9,Male,18-34,East
16,1,5,2,3,Male,18-34,East
16,1,6,13,15,Male,18-34,East
16,1,7,1,10,Male,18-34,East
16,1,8,8,9,Male,18-34,East
16,1,9,2,15,Male,18-34,East
16,1,10,1,9,Male,18-34,East
16,1,11,5,15,Male,18-34,East
16,1,12,8,14,Male,18-34,East
17,2,1,1,11,Female,55+,South
17,2,2,4,8,Female,55+,South
17,2,3,5,13,Female,55+,South
17,2,4,4,10,Female,55+,South
17,2,5,1,15,Female,55+,South
17,2,6,2,8,Female,55+,South
17,2,7,1,4,Female,55+,South
17,2,8,5,9,Female,55+,South
17,2,9,13,15,Female,55+,South
17,2,10,4,9,Female,55+,South
17,2,11,2,12,Female,55+,South
17,2,12,3,8,Female,55+,South
18,1,1,2,15,Male,35-54,West
18,1,2,1,13,Male,35-54,West
18,1,3,7,14,Male,35-54,West
18,1,4,1,6,Male,35-54,West
18,1,5,7,14,Male,35-54,West
18,1,6,5,13,Male,35-54,West
18,1,7,1,13,Male,35-54,West
18,1,8,3,9,Male,35-54,West
18,1,9,2,12,Male,35-54,West
18,1,10,1,10,Male,35-54,West
18,1,11,4,12,Male,35-54,West
18,1,12,2,13,Male,35-54,West
19,2,1,1,11,Female,35-54,South
19,2,2,2,4,Female,35-54,South
19,2,3,5,15,Female,35-54,South
19,2,4,9,13,Female,35-54,South
19,2,5,1,7,Female,35-54,South
19,2,6,3,12,Female,35-54,South
19,2,7,3,11,Female,35-54,South
19,2,8,2,9,Female,35-54,South
19,2,9,10,8,Female,35-54,South
19,2,10,10,11,Female,35-54,South
19,2,11,2,15,Female,35-54,South
19,2,12,1,8,Female,35-54,South
20,1,1,5,15,Female,35-54,East
20,1,2,1,13,Female,35-54,East
20,1,3,7,14,Female,35-54,East
20,1,4,1,11,Female,35-54,East
20,1,5,2,14,Female,35-54,East
20,1,6,5,15,Female,35-54,East
20,1,7,1,13,Female,35-54,East
20,1,8,3,11,Female,35-54,East
20,1,9,2,12,Female,35-54,East
20,1,10,1,9,Female,35-54,East
20,1,11,4,15,Female,35-54,East
20,1,12,6,13,Female,35-54,East
21,2,1,1,12,Female,35-54,West
21,2,2,2,14,Female,35-54,West
21,2,3,6,10,Female,35-54,West
21,2,4,11,13,Female,35-54,West
21,2,5,1,15,Female,35-54,West
21,2,6,12,8,Female,35-54,West
21,2,7,1,4,Female,35-54,West
21,2,8,2,14,Female,35-54,West
21,2,9,8,13,Female,35-54,West
21,2,10,7,10,Female,35-54,West
21,2,11,2,13,Female,35-54,West
21,2,12,1,14,Female,35-54,West
22,1,1,5,15,Female,18-34,North
22,1,2,3,13,Female,18-34,North
22,1,3,4,6,Female,18-34,North
22,1,4,1,9,Female,18-34,North
22,1,5,3,14,Female,18-34,North
22,1,6,5,15,Female,18-34,North
22,1,7,1,13,Female,18-34,North
22,1,8,5,11,Female,18-34,North
22,1,9,2,15,Female,18-34,North
22,1,10,1,9,Female,18-34,North
22,1,11,12,15,Female,18-34,North
22,1,12,2,13,Female,18-34,North
23,2,1,1,12,Female,18-34,South
23,2,2,2,14,Female,18-34,South
23,2,3,5,15,Female,18-34,South
23,2,4,9,13,Female,18-34,South
23,2,5,1,15,Female,18-34,South
23,2,6,3,12,Female,18-34,South
23,2,7,1,11,Female,18-34,South
23,2,8,5,14,Female,18-34,South
23,2,9,8,15,Female,18-34,South
23,2,10,7,10,Female,18-34,South
23,2,11,2,15,Female,18-34,South
23,2,12,5,8,Female,18-34,South
24,1,1,2,11,Male,35-54,North
24,1,2,10,12,Male,35-54,North
24,1,3,4,14,Male,35-54,North
24,1,4,1,11,Male,35-54,North
24,1,5,2,14,Male,35-54,North
24,1,6,5,15,Male,35-54,North
24,1,7,1,10,Male,35-54,North
24,1,8,3,9,Male,35-54,North
24,1,9,2,15,Male,35-54,North
24,1,10,1,10,Male,35-54,North
24,1,11,4,15,Male,35-54,North
24,1,12,2,6,Male,35-54,North
25,2,1,1,12,Male,55+,South
25,2,2,2,8,Male,55+,South
25,2,3,5,15,Male,55+,South
25,2,4,4,11,Male,55+,South
25,2,5,1,15,Male,55+,South
25,2,6,2,12,Male,55+,South
25,2,7,7,11,Male,55+,South
25,2,8,2,14,Male,55+,South
25,2,9,15,12,Male,55+,South
25,2,10,4,11,Male,55+,South
25,2,11,2,15,Male,55+,South
25,2,12,1,14,Male,55+,South
26,1,1,2,15,Male,35-54,West
26,1,2,1,12,Male,35-54,West
26,1,3,7,8,Male,35-54,West
26,1,4,1,9,Male,35-54,West
26,1,5,2,3,Male,35-54,West
26,1,6,13,12,Male,35-54,West
26,1,7,1,13,Male,35-54,West
26,1,8,8,9,Male,35-54,West
26,1,9,2,15,Male,35-54,West
26,1,10,1,9,Male,35-54,West
26,1,11,11,15,Male,35-54,West
26,1,12,2,14,Male,35-54,West
27,2,1,1,12,Female,55+,North
27,2,2,2,14,Female,55+,North
27,2,3,5,10,Female,55+,North
27,2,4,4,10,Female,55+,North
27,2,5,1,15,Female,55+,North
27,2,6,2,8,Female,55+,North
27,2,7,1,11,Female,55+,North
27,2,8,2,9,Female,55+,North
27,2,9,12,13,Female,55+,North
27,2,10,4,11,Female,55+,North
27,2,11,2,15,Female,55+,North
27,2,12,5,8,Female,55+,North
28,1,1,5,15,Male,18-34,South
28,1,2,3,13,Male,18-34,South
28,1,3,6,14,Male,18-34,South
28,1,4,1,9,Male,18-34,South
28,1,5,4,14,Male,18-34,South
28,1,6,5,15,Male,18-34,South
28,1,7,1,10,Male,18-34,South
28,1,8,3,11,Male,18-34,South
28,1,9,4,15,Male,18-34,South
28,1,10,3,10,Male,18-34,South
28,1,11,4,15,Male,18-34,South
28,1,12,6,14,Male,18-34,South
29,2,1,1,12,Male,55+,West
29,2,2,2,14,Male,55+,West
29,2,3,5,13,Male,55+,West
29,2,4,4,13,Male,55+,West
29,2,5,1,15,Male,55+,West
29,2,6,2,14,Male,55+,West
29,2,7,1,7,Male,55+,West
29,2,8,2,14,Male,55+,West
29,2,9,8,13,Male,55+,West
29,2,10,11,10,Male,55+,West
29,2,11,2,15,Male,55+,West
29,2,12,1,14,Male,55+,West
30,1,1,5,15,Male,18-34,South
30,1,2,1,10,Male,18-34,South
30,1,3,4,14,Male,18-34,South
30,1,4,1,9,Male,18-34,South
30,1,5,3,14,Male,18-34,South
30,1,6,5,15,Male,18-34,South
30,1,7,1,10,Male,18-34,South
30,1,8,8,11,Male,18-34,South
30,1,9,4,14,Male,18-34,South
30,1,10,1,7,Male,18-34,South
30,1,11,5,12,Male,18-34,South
30,1,12,8,14,Male,18-34,South
31,2,1,1,12,Female,18-34,West
31,2,2,8,14,Female,18-34,West
31,2,3,5,13,Female,18-34,West
31,2,4,4,13,Female,18-34,West
31,2,5,1,15,Female,18-34,West
31,2,6,3,14,Female,18-34,West
31,2,7,1,4,Female,18-34,West
31,2,8,2,9,Female,18-34,West
31,2,9,8,15,Female,18-34,West
31,2,10,11,10,Female,18-34,West
31,2,11,2,15,Female,18-34,West
31,2,12,1,14,Female,18-34,West
32,1,1,5,9,Female,35-54,South
32,1,2,1,10,Female,35-54,South
32,1,3,14,8,Female,35-54,South
32,1,4,1,8,Female,35-54,South
32,1,5,3,14,Female,35-54,South
32,1,6,5,12,Female,35-54,South
32,1,7,1,13,Female,35-54,South
32,1,8,3,8,Female,35-54,South
32,1,9,2,15,Female,35-54,South
32,1,10,7,10,Female,35-54,South
32,1,11,5,15,Female,35-54,South
32,1,12,2,8,Female,35-54,South
33,2,1,7,12,Male,55+,North
33,2,2,4,14,Male,55+,North
33,2,3,5,10,Male,55+,North
33,2,4,4,13,Male,55+,North
33,2,5,5,15,Male,55+,North
33,2,6,2,14,Male,55+,North
33,2,7,1,11,Male,55+,North
33,2,8,2,14,Male,55+,North
33,2,9,10,12,Male,55+,North
33,2,10,4,9,Male,55+,North
33,2,11,2,15,Male,55+,North
33,2,12,1,14,Male,55+,North
34,1,1,5,15,Female,18-34,South
34,1,2,3,13,Female,18-34,South
34,1,3,8,14,Female,18-34,South
34,1,4,1,11,Female,18-34,South
34,1,5,3,14,Female,18-34,South
34,1,6,5,13,Female,18-34,South
34,1,7,1,13,Female,18-34,South
34,1,8,3,11,Female,18-34,South
34,1,9,4,15,Female,18-34,South
34,1,10,3,9,Female,18-34,South
34,1,11,5,15,Female,18-34,South
34,1,12,2,6,Female,18-34,South
35,2,1,1,11,Female,35-54,South
35,2,2,2,14,Female,35-54,South
35,2,3,6,15,Female,35-54,South
35,2,4,4,11,Female,35-54,South
35,2,5,1,15,Female,35-54,South
35,2,6,2,14,Female,35-54,South
35,2,7,3,11,Female,35-54,South
35,2,8,6,9,Female,35-54,South
35,2,9,10,15,Female,35-54,South
35,2,10,4,11,Female,35-54,South
35,2,11,2,15,Female,35-54,South
35,2,12,3,8,Female,35-54,South
36,1,1,5,15,Female,18-34,North
36,1,2,1,12,Female,18-34,North
36,1,3,4,14,Female,18-34,North
36,1,4,1,11,Female,18-34,North
36,1,5,2,14,Female,18-34,North
36,1,6,12,15,Female,18-34,North
36,1,7,1,13,Female,18-34,North
36,1,8,3,9,Female,18-34,North
36,1,9,4,15,Female,18-34,North
36,1,10,3,9,Female,18-34,North
36,1,11,4,12,Female,18-34,North
36,1,12,6,13,Female,18-34,North
37,2,1,3,12,Male,18-34,West
37,2,2,2,14,Male,18-34,West
37,2,3,6,13,Male,18-34,West
37,2,4,4,9,Male,18-34,West
37,2,5,6,15,Male,18-34,West
37,2,6,2,14,Male,18-34,West
37,2,7,1,7,Male,18-34,West
37,2,8,9,14,Male,18-34,West
37,2,9,10,15,Male,18-34,West
37,2,10,4,9,Male,18-34,West
37,2,11,6,13,Male,18-34,West
37,2,12,8,14,Male,18-34,West
38,1,1,2,15,Male,35-54,West
38,1,2,1,13,Male,35-54,West
38,1,3,7,14,Male,35-54,West
38,1,4,1,11,Male,35-54,West
38,1,5,2,14,Male,35-54,West
38,1,6,13,15,Male,35-54,West
38,1,7,1,13,Male,35-54,West
38,1,8,9,3,Male,35-54,West
38,1,9,2,15,Male,35-54,West
38,1,10,1,3,Male,35-54,West
38,1,11,4,15,Male,35-54,West
38,1,12,2,13,Male,35-54,West
39,2,1,1,3,Male,35-54,North
39,2,2,2,14,Male,35-54,North
39,2,3,10,15,Male,35-54,North
39,2,4,4,9,Male,35-54,North
39,2,5,1,15,Male,35-54,North
39,2,6,2,12,Male,35-54,North
39,2,7,1,7,Male,35-54,North
39,2,8,2,14,Male,35-54,North
39,2,9,8,13,Male,35-54,North
39,2,10,4,11,Male,35-54,North
39,2,11,2,13,Male,35-54,North
39,2,12,1,14,Male,35-54,North
40,1,1,2,15,Female,35-54,North
40,1,2,1,12,Female,35-54,North
40,1,3,7,8,Female,35-54,North
40,1,4,1,9,Female,35-54,North
40,1,5,2,14,Female,35-54,North
40,1,6,5,15,Female,35-54,North
40,1,7,1,10,Female,35-54,North
40,1,8,3,8,Female,35-54,North
40,1,9,2,15,Female,35-54,North
40,1,10,1,9,Female,35-54,North
40,1,11,11,12,Female,35-54,North
40,1,12,2,13,Female,35-54,North
41,2,1,1,12,Female,35-54,South
41,2,2,2,14,Female,35-54,South
41,2,3,5,10,Female,35-54,South
41,2,4,13,11,Female,35-54,South
41,2,5,1,6,Female,35-54,South
41,2,6,2,14,Female,35-54,South
41,2,7,1,11,Female,35-54,South
41,2,8,2,6,Female,35-54,South
41,2,9,13,15,Female,35-54,South
41,2,10,7,11,Female,35-54,South
41,2,11,2,12,Female,35-54,South
41,2,12,1,14,Female,35-54,South
42,1,1,5,15,Male,18-34,South
42,1,2,1,12,Male,18-34,South
42,1,3,6,7,Male,18-34,South
42,1,4,6,11,Male,18-34,South
42,1,5,3,14,Male,18-34,South
42,1,6,5,15,Male,18-34,South
42,1,7,1,10,Male,18-34,South
42,1,8,5,11,Male,18-34,South
42,1,9,2,15,Male,18-34,South
42,1,10,1,7,Male,18-34,South
42,1,11,4,15,Male,18-34,South
42,1,12,6,14,Male,18-34,South
43,2,1,3,11,Female,55+,East
43,2,2,4,8,Female,55+,East
43,2,3,10,13,Female,55+,East
43,2,4,4,9,Female,55+,East
43,2,5,1,15,Female,55+,East
43,2,6,3,8,Female,55+,East
43,2,7,3,11,Female,55+,East
43,2,8,2,9,Female,55+,East
43,2,9,10,8,Female,55+,East
43,2,10,4,11,Female,55+,East
43,2,11,2,15,Female,55+,East
43,2,12,1,8,Female,55+,East
44,1,1,2,15,Female,35-54,North
44,1,2,1,10,Female,35-54,North
44,1,3,4,8,Female,35-54,North
44,1,4,1,11,Female,35-54,North
44,1,5,2,14,Female,35-54,North
44,1,6,5,13,Female,35-54,North
44,1,7,1,13,Female,35-54,North
44,1,8,3,11,Female,35-54,North
44,1,9,2,14,Female,35-54,North
44,1,10,7,10,Female,35-54,North
44,1,11,4,15,Female,35-54,North
44,1,12,2,13,Female,35-54,North
45,2,1,1,12,Male,18-34,West
45,2,2,2,14,Male,18-34,West
45,2,3,6,15,Male,18-34,West
45,2,4,4,13,Male,18-34,West
45,2,5,6,15,Male,18-34,West
45,2,6,2,14,Male,18-34,West
45,2,7,11,7,Male,18-34,West
45,2,8,6,14,Male,18-34,West
45,2,9,8,15,Male,18-34,West
45,2,10,9,11,Male,18-34,West
45,2,11,2,15,Male,18-34,West
45,2,12,1,14,Male,18-34,West
46,1,1,5,11,Male,18-34,South
46,1,2,1,13,Male,18-34,South
46,1,3,4,14,Male,18-34,South
46,1,4,6,11,Male,18-34,South
46,1,5,2,7,Male,18-34,South
46,1,6,5,13,Male,18-34,South
46,1,7,1,13,Male,18-34,South
46,1,8,3,11,Male,18-34,South
46,1,9,4,12,Male,18-34,South
46,1,10,7,10,Male,18-34,South
46,1,11,5,11,Male,18-34,South
46,1,12,2,14,Male,18-34,South
47,2,1,3,11,Male,18-34,East
47,2,2,2,14,Male,18-34,East
47,2,3,6,13,Male,18-34,East
47,2,4,4,13,Male,18-34,East
47,2,5,6,15,Male,18-34,East
47,2,6,8,14,Male,18-34,East
47,2,7,4,11,Male,18-34,East
47,2,8,2,9,Male,18-34,East
47,2,9,8,15,Male,18-34,East
47,2,10,4,11,Male,18-34,East
47,2,11,6,13,Male,18-34,East
47,2,12,8,14,Male,18-34,East
48,1,1,2,11,Male,55+,East
48,1,2,1,3,Male,55+,East
48,1,3,4,14,Male,55+,East
48,1,4,1,11,Male,55+,East
48,1,5,4,14,Male,55+,East
48,1,6,5,10,Male,55+,East
48,1,7,1,13,Male,55+,East
48,1,8,3,11,Male,55+,East
48,1,9,2,15,Male,55+,East
48,1,10,1,10,Male,55+,East
48,1,11,4,11,Male,55+,East
48,1,12,2,14,Male,55+,East
49,2,1,3,11,Female,18-34,East
49,2,2,9,14,Female,18-34,East
49,2,3,6,15,Female,18-34,East
49,2,4,9,11,Female,18-34,East
49,2,5,7,15,Female,18-34,East
49,2,6,3,14,Female,18-34,East
49,2,7,1,11,Female,18-34,East
49,2,8,14,9,Female,18-34,East
49,2,9,8,12,Female,18-34,East
49,2,10,7,11,Female,18-34,East
49,2,11,6,12,Female,18-34,East
49,2,12,1,14,Female,18-34,East
50,1,1,5,15,Female,35-54,East
50,1,2,1,13,Female,35-54,East
50,1,3,7,8,Female,35-54,East
50,1,4,1,9,Female,35-54,East
50,1,5,2,14,Female,35-54,East
50,1,6,5,12,Female,35-54,East
50,1,7,1,13,Female,35-54,East
50,1,8,3,8,Female,35-54,East
50,1,9,2,14,Female,35-54,East
50,1,10,1,10,Female,35-54,East
50,1,11,5,15,Female,35-54,East
50,1,12,2,14,Female,35-54,East
51,2,1,1,12,Male,55+,North
51,2,2,2,14,Male,55+,North
51,2,3,10,15,Male,55+,North
51,2,4,11,9,Male,55+,North
51,2,5,1,15,Male,55+,North
51,2,6,2,12,Male,55+,North
51,2,7,1,11,Male,55+,North
51,2,8,2,14,Male,55+,North
51,2,9,10,13,Male,55+,North
51,2,10,4,7,Male,55+,North
51,2,11,2,13,Male,55+,North
51,2,12,1,8,Male,55+,North
52,1,1,2,9,Female,35-54,West
52,1,2,1,13,Female,35-54,West
52,1,3,7,6,Female,35-54,West
52,1,4,1,6,Female,35-54,West
52,1,5,2,4,Female,35-54,West
52,1,6,5,12,Female,35-54,West
52,1,7,1,6,Female,35-54,West
52,1,8,3,8,Female,35-54,West
52,1,9,2,15,Female,35-54,West
52,1,10,1,10,Female,35-54,West
52,1,11,5,12,Female,35-54,West
52,1,12,6,14,Female,35-54,West
53,2,1,1,11,Male,35-54,South
53,2,2,2,9,Male,35-54,South
53,2,3,6,13,Male,35-54,South
53,2,4,4,11,Male,35-54,South
53,2,5,1,5,Male,35-54,South
53,2,6,3,14,Male,35-54,South
53,2,7,1,11,Male,35-54,South
53,2,8,2,9,Male,35-54,South
53,2,9,8,13,Male,35-54,South
53,2,10,4,11,Male,35-54,South
53,2,11,2,15,Male,35-54,South
53,2,12,1,3,Male,35-54,South
54,1,1,2,15,Female,18-34,South
54,1,2,3,12,Female,18-34,South
54,1,3,4,14,Female,18-34,South
54,1,4,1,8,Female,18-34,South
54,1,5,3,14,Female,18-34,South
54,1,6,5,15,Female,18-34,South
54,1,7,1,7,Female,18-34,South
54,1,8,3,11,Female,18-34,South
54,1,9,4,12,Female,18-34,South
54,1,10,3,9,Female,18-34,South
54,1,11,4,15,Female,18-34,South
54,1,12,2,14,Female,18-34,South
55,2,1,1,12,Male,18-34,South
55,2,2,2,14,Male,18-34,South
55,2,3,6,13,Male,18-34,South
55,2,4,11,13,Male,18-34,South
55,2,5,1,5,Male,18-34,South
55,2,6,12,14,Male,18-34,South
55,2,7,1,4,Male,18-34,South
55,2,8,2,9,Male,18-34,South
55,2,9,8,13,Male,18-34,South
55,2,10,4,10,Male,18-34,South
55,2,11,6,15,Male,18-34,South
55,2,12,1,14,Male,18-34,South
56,1,1,2,15,Female,18-34,East
56,1,2,1,13,Female,18-34,East
56,1,3,14,4,Female,18-34,East
56,1,4,1,9,Female,18-34,East
56,1,5,3,14,Female,18-34,East
56,1,6,5,13,Female,18-34,East
56,1,7,1,13,Female,18-34,East
56,1,8,3,11,Female,18-34,East
56,1,9,2,15,Female,18-34,East
56,1,10,3,10,Female,18-34,East
56,1,11,5,11,Female,18-34,East
56,1,12,6,13,Female,18-34,East
57,2,1,1,12,Female,35-54,East
57,2,2,2,14,Female,35-54,East
57,2,3,5,13,Female,35-54,East
57,2,4,4,10,Female,35-54,East
57,2,5,7,15,Female,35-54,East
57,2,6,2,12,Female,35-54,East
57,2,7,1,7,Female,35-54,East
57,2,8,2,14,Female,35-54,East
57,2,9,12,13,Female,35-54,East
57,2,10,7,10,Female,35-54,East
57,2,11,2,12,Female,35-54,East
57,2,12,3,14,Female,35-54,East
58,1,1,2,11,Male,55+,North
58,1,2,1,12,Male,55+,North
58,1,3,4,8,Male,55+,North
58,1,4,1,9,Male,55+,North
58,1,5,2,14,Male,55+,North
58,1,6,5,12,Male,55+,North
58,1,7,1,10,Male,55+,North
58,1,8,3,8,Male,55+,North
58,1,9,2,14,Male,55+,North
58,1,10,1,9,Male,55+,North
58,1,11,11,15,Male,55+,North
58,1,12,2,14,Male,55+,North
59,2,1,11,12,Male,35-54,South
59,2,2,2,14,Male,35-54,South
59,2,3,10,13,Male,35-54,South
59,2,4,4,13,Male,35-54,South
59,2,5,1,15,Male,35-54,South
59,2,6,2,12,Male,35-54,South
59,2,7,1,3,Male,35-54,South
59,2,8,2,14,Male,35-54,South
59,2,9,10,13,Male,35-54,South
59,2,10,4,9,Male,35-54,South
59,2,11,2,15,Male,35-54,South
59,2,12,1,8,Male,35-54,South
60,1,1,5,15,Female,55+,South
60,1,2,1,13,Female,55+,South
60,1,3,7,8,Female,55+,South
60,1,4,1,8,Female,55+,South
60,1,5,3,14,Female,55+,South
60,1,6,10,13,Female,55+,South
60,1,7,1,13,Female,55+,South
60,1,8,3,8,Female,55+,South
60,1,9,2,15,Female,55+,South
60,1,10,3,9,Female,55+,South
60,1,11,5,15,Female,55+,South
60,1,12,2,13,Female,55+,South
61,2,1,1,11,Male,18-34,South
61,2,2,8,14,Male,18-34,South
61,2,3,10,15,Male,18-34,South
61,2,4,4,13,Male,18-34,South
61,2,5,1,15,Male,18-34,South
61,2,6,3,14,Male,18-34,South
61,2,7,1,7,Male,18-34,South
61,2,8,9,14,Male,18-34,South
61,2,9,8,15,Male,18-34,South
61,2,10,7,10,Male,18-34,South
61,2,11,6,15,Male,18-34,South
61,2,12,1,14,Male,18-34,South
62,1,1,5,15,Female,55+,West
62,1,2,1,10,Female,55+,West
62,1,3,4,6,Female,55+,West
62,1,4,1,8,Female,55+,West
62,1,5,3,14,Female,55+,West
62,1,6,5,15,Female,55+,West
62,1,7,1,13,Female,55+,West
62,1,8,9,8,Female,55+,West
62,1,9,4,15,Female,55+,West
62,1,10,1,10,Female,55+,West
62,1,11,5,12,Female,55+,West
62,1,12,6,14,Female,55+,West
63,2,1,1,12,Male,55+,East
63,2,2,4,14,Male,55+,East
63,2,3,6,10,Male,55+,East
63,2,4,4,13,Male,55+,East
63,2,5,1,7,Male,55+,East
63,2,6,2,14,Male,55+,East
63,2,7,1,11,Male,55+,East
63,2,8,2,9,Male,55+,East
63,2,9,8,15,Male,55+,East
63,2,10,4,10,Male,55+,East
63,2,11,2,13,Male,55+,East
63,2,12,1,14,Male,55+,East
64,1,1,2,9,Female,18-34,East
64,1,2,1,10,Female,18-34,East
64,1,3,4,8,Female,18-34,East
64,1,4,1,9,Female,18-34,East
64,1,5,2,14,Female,18-34,East
64,1,6,5,13,Female,18-34,East
64,1,7,6,13,Female,18-34,East
64,1,8,3,11,Female,18-34,East
64,1,9,2,15,Female,18-34,East
64,1,10,7,10,Female,18-34,East
64,1,11,5,15,Female,18-34,East
64,1,12,6,13,Female,18-34,East
65,2,1,7,11,Female,35-54,West
65,2,2,4,8,Female,35-54,West
65,2,3,5,6,Female,35-54,West
65,2,4,4,11,Female,35-54,West
65,2,5,1,15,Female,35-54,West
65,2,6,3,14,Female,35-54,West
65,2,7,1,11,Female,35-54,West
65,2,8,5,14,Female,35-54,West
65,2,9,13,15,Female,35-54,West
65,2,10,7,10,Female,35-54,West
65,2,11,2,13,Female,35-54,West
65,2,12,1,8,Female,35-54,West
66,1,1,2,15,Female,35-54,West
66,1,2,1,13,Female,35-54,West
66,1,3,6,14,Female,35-54,West
66,1,4,1,9,Female,35-54,West
66,1,5,2,7,Female,35-54,West
66,1,6,5,15,Female,35-54,West
66,1,7,1,13,Female,35-54,West
66,1,8,3,11,Female,35-54,West
66,1,9,2,12,Female,35-54,West
66,1,10,1,10,Female,35-54,West
66,1,11,11,15,Female,35-54,West
66,1,12,14,13,Female,35-54,West
67,2,1,1,11,Male,18-34,North
67,2,2,2,14,Male,18-34,North
67,2,3,6,13,Male,18-34,North
67,2,4,4,10,Male,18-34,North
67,2,5,1,15,Male,18-34,North
67,2,6,8,14,Male,18-34,North
67,2,7,1,11,Male,18-34,North
67,2,8,9,14,Male,18-34,North
67,2,9,8,15,Male,18-34,North
67,2,10,4,9,Male,18-34,North
67,2,11,6,15,Male,18-34,North
67,2,12,3,14,Male,18-34,North
68,1,1,2,15,Male,55+,East
68,1,2,1,10,Male,55+,East
68,1,3,4,14,Male,55+,East
68,1,4,1,11,Male,55+,East
68,1,5,2,14,Male,55+,East
68,1,6,15,13,Male,55+,East
68,1,7,1,13,Male,55+,East
68,1,8,5,11,Male,55+,East
68,1,9,2,14,Male,55+,East
68,1,10,1,10,Male,55+,East
68,1,11,4,15,Male,55+,East
68,1,12,2,13,Male,55+,East
69,2,1,1,11,Female,35-54,North
69,2,2,2,8,Female,35-54,North
69,2,3,6,15,Female,35-54,North
69,2,4,4,9,Female,35-54,North
69,2,5,5,7,Female,35-54,North
69,2,6,2,14,Female,35-54,North
69,2,7,3,7,Female,35-54,North
69,2,8,2,14,Female,35-54,North
69,2,9,10,8,Female,35-54,North
69,2,10,4,9,Female,35-54,North
69,2,11,6,13,Female,35-54,North
69,2,12,1,8,Female,35-54,North
70,1,1,2,15,Male,55+,North
70,1,2,1,12,Male,55+,North
70,1,3,4,14,Male,55+,North
70,1,4,1,11,Male,55+,North
70,1,5,2,7,Male,55+,North
70,1,6,5,13,Male,55+,North
70,1,7,1,10,Male,55+,North
70,1,8,3,8,Male,55+,North
70,1,9,4,14,Male,55+,North
70,1,10,1,7,Male,55+,North
70,1,11,4,12,Male,55+,North
70,1,12,8,14,Male,55+,North
71,2,1,3,12,Female,18-34,South
71,2,2,4,14,Female,18-34,South
71,2,3,6,15,Female,18-34,South
71,2,4,4,13,Female,18-34,South
71,2,5,1,15,Female,18-34,South
71,2,6,3,12,Female,18-34,South
71,2,7,1,11,Female,18-34,South
71,2,8,9,14,Female,18-34,South
71,2,9,8,15,Female,18-34,South
71,2,10,4,11,Female,18-34,South
71,2,11,2,12,Female,18-34,South
71,2,12,1,14,Female,18-34,South
72,1,1,5,15,Female,18-34,East
72,1,2,1,13,Female,18-34,East
72,1,3,6,7,Female,18-34,East
72,1,4,6,11,Female,18-34,East
72,1,5,3,7,Female,18-34,East
72,1,6,5,15,Female,18-34,East
72,1,7,1,7,Female,18-34,East
72,1,8,5,11,Female,18-34,East
72,1,9,2,12,Female,18-34,East
72,1,10,1,9,Female,18-34,East
72,1,11,5,12,Female,18-34,East
72,1,12,6,13,Female,18-34,East
73,2,1,7,11,Female,35-54,East
73,2,2,4,14,Female,35-54,East
73,2,3,6,15,Female,35-54,East
73,2,4,4,10,Female,35-54,East
73,2,5,1,15,Female,35-54,East
73,2,6,8,12,Female,35-54,East
73,2,7,1,11,Female,35-54,East
73,2,8,6,9,Female,35-54,East
73,2,9,10,15,Female,35-54,East
73,2,10,10,9,Female,35-54,East
73,2,11,12,15,Female,35-54,East
73,2,12,1,3,Female,35-54,East
74,1,1,2,15,Female,18-34,North
74,1,2,3,10,Female,18-34,North
74,1,3,8,14,Female,18-34,North
74,1,4,1,9,Female,18-34,North
74,1,5,3,14,Female,18-34,North
74,1,6,5,12,Female,18-34,North
74,1,7,1,13,Female,18-34,North
74,1,8,5,9,Female,18-34,North
74,1,9,15,12,Female,18-34,North
74,1,10,1,10,Female,18-34,North
74,1,11,5,15,Female,18-34,North
74,1,12,8,14,Female,18-34,North
75,2,1,1,12,Female,35-54,South
75,2,2,2,14,Female,35-54,South
75,2,3,5,13,Female,35-54,South
75,2,4,4,11,Female,35-54,South
75,2,5,1,15,Female,35-54,South
75,2,6,2,12,Female,35-54,South
75,2,7,1,7,Female,35-54,South
75,2,8,2,9,Female,35-54,South
75,2,9,15,13,Female,35-54,South
75,2,10,11,10,Female,35-54,South
75,2,11,2,13,Female,35-54,South
75,2,12,1,14,Female,35-54,South
76,1,1,2,15,Female,18-34,East
76,1,2,1,10,Female,18-34,East
76,1,3,4,6,Female,18-34,East
76,1,4,8,11,Female,18-34,East
76,1,5,3,14,Female,18-34,East
76,1,6,15,13,Female,18-34,East
76,1,7,1,13,Female,18-34,East
76,1,8,3,11,Female,18-34,East
76,1,9,2,15,Female,18-34,East
76,1,10,3,9,Female,18-34,East
76,1,11,4,12,Female,18-34,East
76,1,12,2,13,Female,18-34,East
77,2,1,1,11,Male,35-54,South
77,2,2,2,14,Male,35-54,South
77,2,3,10,15,Male,35-54,South
77,2,4,4,13,Male,35-54,South
77,2,5,1,15,Male,35-54,South
77,2,6,2,12,Male,35-54,South
77,2,7,1,3,Male,35-54,South
77,2,8,2,14,Male,35-54,South
77,2,9,8,13,Male,35-54,South
77,2,10,4,10,Male,35-54,South
77,2,11,2,15,Male,35-54,South
77,2,12,1,14,Male,35-54,South
78,1,1,2,5,Male,18-34,West
78,1,2,1,13,Male,18-34,West
78,1,3,6,14,Male,18-34,West
78,1,4,6,11,Male,18-34,West
78,1,5,7,14,Male,18-34,West
78,1,6,5,15,Male,18-34,West
78,1,7,6,13,Male,18-34,West
78,1,8,3,9,Male,18-34,West
78,1,9,4,14,Male,18-34,West
78,1,10,1,9,Male,18-34,West
78,1,11,4,12,Male,18-34,West
78,1,12,2,14,Male,18-34,West
79,2,1,1,7,Male,55+,South
79,2,2,2,14,Male,55+,South
79,2,3,5,15,Male,55+,South
79,2,4,4,10,Male,55+,South
79,2,5,1,15,Male,55+,South
79,2,6,12,8,Male,55+,South
79,2,7,1,7,Male,55+,South
79,2,8,2,14,Male,55+,South
79,2,9,13,8,Male,55+,South
79,2,10,4,10,Male,55+,South
79,2,11,2,12,Male,55+,South
79,2,12,1,14,Male,55+,South
80,1,1,2,15,Male,18-34,South
80,1,2,1,10,Male,18-34,South
80,1,3,8,14,Male,18-34,South
80,1,4,1,11,Male,18-34,South
80,1,5,3,4,Male,18-34,South
80,1,6,5,15,Male,18-34,South
80,1,7,1,13,Male,18-34,South
80,1,8,3,11,Male,18-34,South
80,1,9,2,12,Male,18-34,South
80,1,10,1,10,Male,18-34,South
80,1,11,5,15,Male,18-34,South
80,1,12,2,14,Male,18-34,South
81,2,1,1,11,Male,35-54,North
81,2,2,2,14,Male,35-54,North
81,2,3,6,10,Male,35-54,North
81,2,4,4,13,Male,35-54,North
81,2,5,1,15,Male,35-54,North
81,2,6,2,14,Male,35-54,North
81,2,7,1,11,Male,35-54,North
81,2,8,2,14,Male,35-54,North
81,2,9,8,13,Male,35-54,North
81,2,10,4,10,Male,35-54,North
81,2,11,2,13,Male,35-54,North
81,2,12,1,14,Male,35-54,North
82,1,1,2,15,Female,55+,East
82,1,2,1,10,Female,55+,East
82,1,3,7,14,Female,55+,East
82,1,4,1,6,Female,55+,East
82,1,5,4,14,Female,55+,East
82,1,6,5,15,Female,55+,East
82,1,7,1,10,Female,55+,East
82,1,8,3,8,Female,55+,East
82,1,9,2,15,Female,55+,East
82,1,10,1,10,Female,55+,East
82,1,11,12,15,Female,55+,East
82,1,12,2,14,Female,55+,East
83,2,1,1,12,Male,55+,East
83,2,2,2,14,Male,55+,East
83,2,3,5,15,Male,55+,East
83,2,4,4,10,Male,55+,East
83,2,5,1,15,Male,55+,East
83,2,6,8,14,Male,55+,East
83,2,7,1,11,Male,55+,East
83,2,8,2,14,Male,55+,East
83,2,9,8,10,Male,55+,East
83,2,10,11,10,Male,55+,East
83,2,11,2,15,Male,55+,East
83,2,12,1,14,Male,55+,East
84,1,1,5,15,Female,18-34,North
84,1,2,3,12,Female,18-34,North
84,1,3,8,14,Female,18-34,North
84,1,4,8,11,Female,18-34,North
84,1,5,3,7,Female,18-34,North
84,1,6,5,15,Female,18-34,North
84,1,7,1,10,Female,18-34,North
84,1,8,3,11,Female,18-34,North
84,1,9,2,15,Female,18-34,North
84,1,10,3,7,Female,18-34,North
84,1,11,4,15,Female,18-34,North
84,1,12,13,14,Female,18-34,North
85,2,1,1,7,Female,18-34,East
85,2,2,4,14,Female,18-34,East
85,2,3,6,15,Female,18-34,East
85,2,4,10,9,Female,18-34,East
85,2,5,1,7,Female,18-34,East
85,2,6,3,2,Female,18-34,East
85,2,7,1,11,Female,18-34,East
85,2,8,2,14,Female,18-34,East
85,2,9,8,10,Female,18-34,East
85,2,10,4,10,Female,18-34,East
85,2,11,6,12,Female,18-34,East
85,2,12,3,14,Female,18-34,East
86,1,1,2,15,Female,35-54,South
86,1,2,1,13,Female,35-54,South
86,1,3,4,8,Female,35-54,South
86,1,4,1,11,Female,35-54,South
86,1,5,2,14,Female,35-54,South
86,1,6,5,13,Female,35-54,South
86,1,7,1,13,Female,35-54,South
86,1,8,3,11,Female,35-54,South
86,1,9,2,15,Female,35-54,South
86,1,10,1,9,Female,35-54,South
86,1,11,4,12,Female,35-54,South
86,1,12,2,14,Female,35-54,South
87,2,1,1,7,Female,35-54,East
87,2,2,2,9,Female,35-54,East
87,2,3,5,15,Female,35-54,East
87,2,4,11,13,Female,35-54,East
87,2,5,1,15,Female,35-54,East
87,2,6,2,14,Female,35-54,East
87,2,7,1,4,Female,35-54,East
87,2,8,2,14,Female,35-54,East
87,2,9,12,15,Female,35-54,East
87,2,10,10,9,Female,35-54,East
87,2,11,2,12,Female,35-54,East
87,2,12,1,14,Female,35-54,East
88,1,1,2,15,Female,18-34,West
88,1,2,1,13,Female,18-34,West
88,1,3,6,14,Female,18-34,West
88,1,4,1,11,Female,18-34,West
88,1,5,3,4,Female,18-34,West
88,1,6,5,15,Female,18-34,West
88,1,7,1,10,Female,18-34,West
88,1,8,3,9,Female,18-34,West
88,1,9,2,15,Female,18-34,West
88,1,10,1,10,Female,18-34,West
88,1,11,11,12,Female,18-34,West
88,1,12,2,14,Female,18-34,West
89,2,1,1,12,Male,35-54,West
89,2,2,2,14,Male,35-54,West
89,2,3,6,15,Male,35-54,West
89,2,4,10,13,Male,35-54,West
89,2,5,1,15,Male,35-54,West
89,2,6,2,14,Male,35-54,West
89,2,7,1,11,Male,35-54,West
89,2,8,2,14,Male,35-54,West
89,2,9,8,15,Male,35-54,West
89,2,10,7,11,Male,35-54,West
89,2,11,2,13,Male,35-54,West
89,2,12,1,14,Male,35-54,West
90,1,1,2,15,Female,18-34,East
90,1,2,13,12,Female,18-34,East
90,1,3,6,14,Female,18-34,East
90,1,4,1,6,Female,18-34,East
90,1,5,2,14,Female,18-34,East
90,1,6,10,15,Female,18-34,East
90,1,7,1,10,Female,18-34,East
90,1,8,3,11,Female,18-34,East
90,1,9,2,12,Female,18-34,East
90,1,10,3,9,Female,18-34,East
90,1,11,4,15,Female,18-34,East
90,1,12,6,13,Female,18-34,East
91,2,1,1,11,Male,18-34,North
91,2,2,2,14,Male,18-34,North
91,2,3,6,15,Male,18-34,North
91,2,4,13,10,Male,18-34,North
91,2,5,1,15,Male,18-34,North
91,2,6,8,12,Male,18-34,North
91,2,7,1,11,Male,18-34,North
91,2,8,2,14,Male,18-34,North
91,2,9,13,15,Male,18-34,North
91,2,10,4,11,Male,18-34,North
91,2,11,2,15,Male,18-34,North
91,2,12,1,5,Male,18-34,North
92,1,1,2,15,Male,35-54,East
92,1,2,1,12,Male,35-54,East
92,1,3,6,14,Male,35-54,East
92,1,4,8,9,Male,35-54,East
92,1,5,3,14,Male,35-54,East
92,1,6,5,10,Male,35-54,East
92,1,7,1,10,Male,35-54,East
92,1,8,3,11,Male,35-54,East
92,1,9,12,14,Male,35-54,East
92,1,10,1,10,Male,35-54,East
92,1,11,4,12,Male,35-54,East
92,1,12,13,14,Male,35-54,East
93,2,1,1,12,Male,18-34,North
93,2,2,4,14,Male,18-34,North
93,2,3,5,13,Male,18-34,North
93,2,4,4,9,Male,18-34,North
93,2,5,1,15,Male,18-34,North
93,2,6,3,14,Male,18-34,North
93,2,7,1,11,Male,18-34,North
93,2,8,6,14,Male,18-34,North
93,2,9,8,15,Male,18-34,North
93,2,10,4,10,Male,18-34,North
93,2,11,6,13,Male,18-34,North
93,2,12,1,14,Male,18-34,North
94,1,1,5,15,Female,18-34,West
94,1,2,3,10,Female,18-34,West
94,1,3,4,8,Female,18-34,West
94,1,4,1,8,Female,18-34,West
94,1,5,3,4,Female,18-34,West
94,1,6,10,13,Female,18-34,West
94,1,7,1,13,Female,18-34,West
94,1,8,5,8,Female,18-34,West
94,1,9,4,14,Female,18-34,West
94,1,10,1,10,Female,18-34,West
94,1,11,5,12,Female,18-34,West
94,1,12,6,13,Female,18-34,West
95,2,1,1,11,Female,18-34,North
95,2,2,2,4,Female,18-34,North
95,2,3,6,10,Female,18-34,North
95,2,4,4,13,Female,18-34,North
95,2,5,1,15,Female,18-34,North
95,2,6,2,14,Female,18-34,North
95,2,7,3,7,Female,18-34,North
95,2,8,2,14,Female,18-34,North
95,2,9,10,15,Female,18-34,North
95,2,10,4,10,Female,18-34,North
95,2,11,2,15,Female,18-34,North
95,2,12,1,14,Female,18-34,North
96,1,1,2,9,Male,35-54,West
96,1,2,1,12,Male,35-54,West
96,1,3,7,14,Male,35-54,West
96,1,4,1,9,Male,35-54,West
96,1,5,2,14,Male,35-54,West
96,1,6,10,12,Male,35-54,West
96,1,7,1,13,Male,35-54,West
96,1,8,8,11,Male,35-54,West
96,1,9,2,12,Male,35-54,West
96,1,10,1,9,Male,35-54,West
96,1,11,4,15,Male,35-54,West
96,1,12,2,13,Male,35-54,West
97,2,1,1,11,Male,18-34,South
97,2,2,2,14,Male,18-34,South
97,2,3,6,15,Male,18-34,South
97,2,4,11,13,Male,18-34,South
97,2,5,5,15,Male,18-34,South
97,2,6,3,12,Male,18-34,South
97,2,7,3,11,Male,18-34,South
97,2,8,2,14,Male,18-34,South
97,2,9,8,15,Male,18-34,South
97,2,10,4,11,Male,18-34,South
97,2,11,6,15,Male,18-34,South
97,2,12,1,5,Male,18-34,South
98,1,1,2,11,Male,55+,East
98,1,2,10,13,Male,55+,East
98,1,3,7,14,Male,55+,East
98,1,4,1,11,Male,55+,East
98,1,5,7,14,Male,55+,East
98,1,6,15,10,Male,55+,East
98,1,7,1,13,Male,55+,East
98,1,8,3,11,Male,55+,East
98,1,9,2,14,Male,55+,East
98,1,10,1,10,Male,55+,East
98,1,11,4,11,Male,55+,East
98,1,12,2,14,Male,55+,East
99,2,1,1,12,Female,35-54,South
99,2,2,2,8,Female,35-54,South
99,2,3,13,15,Female,35-54,South
99,2,4,4,13,Female,35-54,South
99,2,5,1,15,Female,35-54,South
99,2,6,2,8,Female,35-54,South
99,2,7,3,11,Female,35-54,South
99,2,8,2,14,Female,35-54,South
99,2,9,15,8,Female,35-54,South
99,2,10,4,10,Female,35-54,South
99,2,11,2,13,Female,35-54,South
99,2,12,1,14,Female,35-54,South
100,1,1,5,11,Male,35-54,South
100,1,2,1,13,Male,35-54,South
100,1,3,4,14,Male,35-54,South
100,1,4,1,11,Male,35-54,South
100,1,5,2,14,Male,35-54,South
100,1,6,5,12,Male,35-54,South
100,1,7,1,13,Male,35-54,South
100,1,8,5,9,Male,35-54,South
100,1,9,2,15,Male,35-54,South
100,1,10,1,9,Male,35-54,South
100,1,11,5,11,Male,35-54,South
100,1,12,2,13,Male,35-54,South
101,2,1,1,11,Female,18-34,North
101,2,2,2,9,Female,18-34,North
101,2,3,5,6,Female,18-34,North
101,2,4,4,11,Female,18-34,North
101,2,5,1,15,Female,18-34,North
101,2,6,3,12,Female,18-34,North
101,2,7,1,7,Female,18-34,North
101,2,8,2,9,Female,18-34,North
101,2,9,8,15,Female,18-34,North
101,2,10,4,7,Female,18-34,North
101,2,11,2,15,Female,18-34,North
101,2,12,3,14,Female,18-34,North
102,1,1,2,15,Male,55+,East
102,1,2,1,13,Male,55+,East
102,1,3,7,14,Male,55+,East
102,1,4,1,9,Male,55+,East
102,1,5,4,14,Male,55+,East
102,1,6,10,15,Male,55+,East
102,1,7,1,13,Male,55+,East
102,1,8,3,11,Male,55+,East
102,1,9,2,12,Male,55+,East
102,1,10,1,9,Male,55+,East
102,1,11,12,15,Male,55+,East
102,1,12,8,14,Male,55+,East
103,2,1,1,11,Female,35-54,West
103,2,2,2,14,Female,35-54,West
103,2,3,6,15,Female,35-54,West
103,2,4,4,10,Female,35-54,West
103,2,5,1,15,Female,35-54,West
103,2,6,2,8,Female,35-54,West
103,2,7,1,11,Female,35-54,West
103,2,8,2,9,Female,35-54,West
103,2,9,12,10,Female,35-54,West
103,2,10,7,9,Female,35-54,West
103,2,11,6,15,Female,35-54,West
103,2,12,14,8,Female,35-54,West
104,1,1,9,11,Male,55+,West
104,1,2,1,13,Male,55+,West
104,1,3,14,8,Male,55+,West
104,1,4,1,8,Male,55+,West
104,1,5,2,14,Male,55+,West
104,1,6,5,15,Male,55+,West
104,1,7,1,13,Male,55+,West
104,1,8,8,11,Male,55+,West
104,1,9,2,15,Male,55+,West
104,1,10,1,10,Male,55+,West
104,1,11,4,12,Male,55+,West
104,1,12,2,13,Male,55+,West
105,2,1,1,12,Female,55+,North
105,2,2,2,14,Female,55+,North
105,2,3,13,15,Female,55+,North
105,2,4,4,9,Female,55+,North
105,2,5,1,15,Female,55+,North
105,2,6,3,8,Female,55+,North
105,2,7,1,11,Female,55+,North
105,2,8,2,14,Female,55+,North
105,2,9,10,15,Female,55+,North
105,2,10,4,10,Female,55+,North
105,2,11,2,15,Female,55+,North
105,2,12,1,14,Female,55+,North
106,1,1,2,15,Female,55+,North
106,1,2,3,13,Female,55+,North
106,1,3,14,8,Female,55+,North
106,1,4,1,8,Female,55+,North
106,1,5,2,4,Female,55+,North
106,1,6,5,15,Female,55+,North
106,1,7,1,7,Female,55+,North
106,1,8,3,8,Female,55+,North
106,1,9,2,14,Female,55+,North
106,1,10,10,7,Female,55+,North
106,1,11,5,15,Female,55+,North
106,1,12,2,8,Female,55+,North
107,2,1,3,12,Male,18-34,South
107,2,2,2,4,Male,18-34,South
107,2,3,5,15,Male,18-34,South
107,2,4,13,10,Male,18-34,South
107,2,5,7,15,Male,18-34,South
107,2,6,2,12,Male,18-34,South
107,2,7,1,11,Male,18-34,South
107,2,8,5,9,Male,18-34,South
107,2,9,8,10,Male,18-34,South
107,2,10,7,10,Male,18-34,South
107,2,11,6,12,Male,18-34,South
107,2,12,3,14,Male,18-34,South
108,1,1,2,15,Female,35-54,South
108,1,2,1,10,Female,35-54,South
108,1,3,4,7,Female,35-54,South
108,1,4,1,11,Female,35-54,South
108,1,5,2,4,Female,35-54,South
108,1,6,5,15,Female,35-54,South
108,1,7,1,13,Female,35-54,South
108,1,8,3,11,Female,35-54,South
108,1,9,2,15,Female,35-54,South
108,1,10,3,7,Female,35-54,South
108,1,11,5,11,Female,35-54,South
108,1,12,2,13,Female,35-54,South
109,2,1,3,12,Female,35-54,South
109,2,2,2,9,Female,35-54,South
109,2,3,5,15,Female,35-54,South
109,2,4,4,13,Female,35-54,South
109,2,5,7,15,Female,35-54,South
109,2,6,3,12,Female,35-54,South
109,2,7,7,11,Female,35-54,South
109,2,8,2,9,Female,35-54,South
109,2,9,8,15,Female,35-54,South
109,2,10,4,10,Female,35-54,South
109,2,11,6,15,Female,35-54,South
109,2,12,3,8,Female,35-54,South
110,1,1,2,11,Female,35-54,East
110,1,2,1,13,Female,35-54,East
110,1,3,8,14,Female,35-54,East
110,1,4,6,11,Female,35-54,East
110,1,5,2,7,Female,35-54,East
110,1,6,15,13,Female,35-54,East
110,1,7,1,13,Female,35-54,East
110,1,8,5,8,Female,35-54,East
110,1,9,2,12,Female,35-54,East
110,1,10,1,10,Female,35-54,East
110,1,11,4,12,Female,35-54,East
110,1,12,2,13,Female,35-54,East
111,2,1,1,12,Male,18-34,South
111,2,2,8,14,Male,18-34,South
111,2,3,5,13,Male,18-34,South
111,2,4,4,13,Male,18-34,South
111,2,5,1,7,Male,18-34,South
111,2,6,2,12,Male,18-34,South
111,2,7,1,7,Male,18-34,South
111,2,8,2,14,Male,18-34,South
111,2,9,8,13,Male,18-34,South
111,2,10,4,9,Male,18-34,South
111,2,11,6,15,Male,18-34,South
111,2,12,1,14,Male,18-34,South
112,1,1,2,15,Male,18-34,South
112,1,2,1,13,Male,18-34,South
112,1,3,8,14,Male,18-34,South
112,1,4,1,11,Male,18-34,South
112,1,5,7,14,Male,18-34,South
112,1,6,5,15,Male,18-34,South
112,1,7,1,13,Male,18-34,South
112,1,8,8,9,Male,18-34,South
112,1,9,2,14,Male,18-34,South
112,1,10,1,10,Male,18-34,South
112,1,11,4,15,Male,18-34,South
112,1,12,8,13,Male,18-34,South
113,2,1,1,7,Female,18-34,West
113,2,2,9,4,Female,18-34,West
113,2,3,5,13,Female,18-34,West
113,2,4,4,13,Female,18-34,West
113,2,5,1,15,Female,18-34,West
113,2,6,3,14,Female,18-34,West
113,2,7,3,4,Female,18-34,West
113,2,8,5,14,Female,18-34,West
113,2,9,8,13,Female,18-34,West
113,2,10,9,10,Female,18-34,West
113,2,11,2,13,Female,18-34,West
113,2,12,1,14,Female,18-34,West
114,1,1,2,11,Male,18-34,North
114,1,2,3,13,Male,18-34,North
114,1,3,8,14,Male,18-34,North
114,1,4,1,9,Male,18-34,North
114,1,5,2,14,Male,18-34,North
114,1,6,5,15,Male,18-34,North
114,1,7,1,13,Male,18-34,North
114,1,8,8,11,Male,18-34,North
114,1,9,4,15,Male,18-34,North
114,1,10,9,10,Male,18-34,North
114,1,11,5,11,Male,18-34,North
114,1,12,8,13,Male,18-34,North
115,2,1,11,12,Male,35-54,West
115,2,2,2,14,Male,35-54,West
115,2,3,6,15,Male,35-54,West
115,2,4,4,9,Male,35-54,West
115,2,5,7,15,Male,35-54,West
115,2,6,2,14,Male,35-54,West
115,2,7,1,7,Male,35-54,West
115,2,8,2,14,Male,35-54,West
115,2,9,8,15,Male,35-54,West
115,2,10,10,11,Male,35-54,West
115,2,11,2,12,Male,35-54,West
115,2,12,1,14,Male,35-54,West
116,1,1,5,15,Female,35-54,East
116,1,2,1,10,Female,35-54,East
116,1,3,6,7,Female,35-54,East
116,1,4,1,11,Female,35-54,East
116,1,5,3,7,Female,35-54,East
116,1,6,5,15,Female,35-54,East
116,1,7,1,13,Female,35-54,East
116,1,8,3,8,Female,35-54,East
116,1,9,12,14,Female,35-54,East
116,1,10,1,9,Female,35-54,East
116,1,11,4,11,Female,35-54,East
116,1,12,2,13,Female,35-54,East
117,2,1,1,11,Male,35-54,South
117,2,2,2,14,Male,35-54,South
117,2,3,5,13,Male,35-54,South
117,2,4,11,13,Male,35-54,South
117,2,5,1,7,Male,35-54,South
117,2,6,2,14,Male,35-54,South
117,2,7,1,4,Male,35-54,South
117,2,8,2,14,Male,35-54,South
117,2,9,8,13,Male,35-54,South
117,2,10,4,7,Male,35-54,South
117,2,11,2,13,Male,35-54,South
117,2,12,1,14,Male,35-54,South
118,1,1,2,11,Male,18-34,West
118,1,2,1,12,Male,18-34,West
118,1,3,7,14,Male,18-34,West
118,1,4,1,9,Male,18-34,West
118,1,5,2,7,Male,18-34,West
118,1,6,10,15,Male,18-34,West
118,1,7,6,13,Male,18-34,West
118,1,8,8,11,Male,18-34,West
118,1,9,2,15,Male,18-34,West
118,1,10,1,10,Male,18-34,West
118,1,11,4,12,Male,18-34,West
118,1,12,2,14,Male,18-34,West
119,2,1,1,12,Male,18-34,East
119,2,2,8,14,Male,18-34,East
119,2,3,6,15,Male,18-34,East
119,2,4,4,11,Male,18-34,East
119,2,5,6,15,Male,18-34,East
119,2,6,8,3,Male,18-34,East
119,2,7,1,11,Male,18-34,East
119,2,8,6,14,Male,18-34,East
119,2,9,8,13,Male,18-34,East
119,2,10,4,10,Male,18-34,East
119,2,11,6,13,Male,18-34,East
119,2,12,8,5,Male,18-34,East
120,1,1,2,11,Male,35-54,East
120,1,2,1,13,Male,35-54,East
120,1,3,4,14,Male,35-54,East
120,1,4,1,11,Male,35-54,East
120,1,5,2,14,Male,35-54,East
120,1,6,12,15,Male,35-54,East
120,1,7,7,10,Male,35-54,East
120,1,8,8,5,Male,35-54,East
120,1,9,4,15,Male,35-54,East
120,1,10,1,9,Male,35-54,East
120,1,11,4,15,Male,35-54,East
120,1,12,2,14,Male,35-54,East
121,2,1,1,11,Female,18-34,East
121,2,2,4,14,Female,18-34,East
121,2,3,6,15,Female,18-34,East
121,2,4,4,10,Female,18-34,East
121,2,5,1,15,Female,18-34,East
121,2,6,3,14,Female,18-34,East
121,2,7,3,7,Female,18-34,East
121,2,8,9,14,Female,18-34,East
121,2,9,8,15,Female,18-34,East
121,2,10,4,7,Female,18-34,East
121,2,11,2,12,Female,18-34,East
121,2,12,1,14,Female,18-34,East
122,1,1,2,11,Female,35-54,West
122,1,2,1,10,Female,35-54,West
122,1,3,7,8,Female,35-54,West
122,1,4,1,8,Female,35-54,West
122,1,5,2,14,Female,35-54,West
122,1,6,5,15,Female,35-54,West
122,1,7,1,6,Female,35-54,West
122,1,8,3,11,Female,35-54,West
122,1,9,2,15,Female,35-54,West
122,1,10,1,7,Female,35-54,West
122,1,11,5,15,Female,35-54,West
122,1,12,2,8,Female,35-54,West
123,2,1,1,11,Female,35-54,North
123,2,2,2,14,Female,35-54,North
123,2,3,5,13,Female,35-54,North
123,2,4,4,9,Female,35-54,North
123,2,5,1,15,Female,35-54,North
123,2,6,2,14,Female,35-54,North
123,2,7,1,4,Female,35-54,North
123,2,8,2,14,Female,35-54,North
123,2,9,8,15,Female,35-54,North
123,2,10,4,10,Female,35-54,North
123,2,11,2,13,Female,35-54,North
123,2,12,1,8,Female,35-54,North
124,1,1,2,11,Female,18-34,West
124,1,2,1,13,Female,18-34,West
124,1,3,4,14,Female,18-34,West
124,1,4,1,9,Female,18-34,West
124,1,5,2,7,Female,18-34,West
124,1,6,5,12,Female,18-34,West
124,1,7,1,13,Female,18-34,West
124,1,8,3,9,Female,18-34,West
124,1,9,2,12,Female,18-34,West
124,1,10,1,9,Female,18-34,West
124,1,11,15,12,Female,18-34,West
124,1,12,13,14,Female,18-34,West
125,2,1,1,12,Female,35-54,East
125,2,2,2,14,Female,35-54,East
125,2,3,6,13,Female,35-54,East
125,2,4,11,10,Female,35-54,East
125,2,5,1,15,Female,35-54,East
125,2,6,3,14,Female,35-54,East
125,2,7,1,11,Female,35-54,East
125,2,8,2,14,Female,35-54,East
125,2,9,12,10,Female,35-54,East
125,2,10,4,7,Female,35-54,East
125,2,11,2,13,Female,35-54,East
125,2,12,3,14,Female,35-54,East
126,1,1,2,15,Male,35-54,East
126,1,2,1,12,Male,35-54,East
126,1,3,4,14,Male,35-54,East
126,1,4,8,9,Male,35-54,East
126,1,5,2,3,Male,35-54,East
126,1,6,5,13,Male,35-54,East
126,1,7,1,13,Male,35-54,East
126,1,8,5,3,Male,35-54,East
126,1,9,2,15,Male,35-54,East
126,1,10,3,9,Male,35-54,East
126,1,11,4,12,Male,35-54,East
126,1,12,6,14,Male,35-54,East
127,2,1,1,12,Male,35-54,North
127,2,2,2,14,Male,35-54,North
127,2,3,6,10,Male,35-54,North
127,2,4,4,13,Male,35-54,North
127,2,5,1,15,Male,35-54,North
127,2,6,3,12,Male,35-54,North
127,2,7,1,4,Male,35-54,North
127,2,8,2,14,Male,35-54,North
127,2,9,8,13,Male,35-54,North
127,2,10,9,10,Male,35-54,North
127,2,11,2,15,Male,35-54,North
127,2,12,1,14,Male,35-54,North
128,1,1,2,9,Male,18-34,South
128,1,2,1,13,Male,18-34,South
128,1,3,7,14,Male,18-34,South
128,1,4,1,9,Male,18-34,South
128,1,5,7,14,Male,18-34,South
128,1,6,5,13,Male,18-34,South
128,1,7,1,13,Male,18-34,South
128,1,8,8,9,Male,18-34,South
128,1,9,2,15,Male,18-34,South
128,1,10,1,10,Male,18-34,South
128,1,11,5,15,Male,18-34,South
128,1,12,8,14,Male,18-34,South
129,2,1,1,12,Female,35-54,South
129,2,2,2,14,Female,35-54,South
129,2,3,10,15,Female,35-54,South
129,2,4,4,11,Female,35-54,South
129,2,5,1,15,Female,35-54,South
129,2,6,2,8,Female,35-54,South
129,2,7,1,11,Female,35-54,South
129,2,8,2,14,Female,35-54,South
129,2,9,13,10,Female,35-54,South
129,2,10,7,11,Female,35-54,South
129,2,11,2,15,Female,35-54,South
129,2,12,1,8,Female,35-54,South
130,1,1,2,15,Male,55+,South
130,1,2,3,12,Male,55+,South
130,1,3,4,8,Male,55+,South
130,1,4,6,11,Male,55+,South
130,1,5,2,14,Male,55+,South
130,1,6,5,13,Male,55+,South
130,1,7,1,13,Male,55+,South
130,1,8,3,8,Male,55+,South
130,1,9,4,12,Male,55+,South
130,1,10,1,10,Male,55+,South
130,1,11,4,12,Male,55+,South
130,1,12,2,13,Male,55+,South
131,2,1,7,12,Male,18-34,West
131,2,2,4,14,Male,18-34,West
131,2,3,6,15,Male,18-34,West
131,2,4,4,13,Male,18-34,West
131,2,5,1,15,Male,18-34,West
131,2,6,2,12,Male,18-34,West
131,2,7,3,7,Male,18-34,West
131,2,8,5,14,Male,18-34,West
131,2,9,8,12,Male,18-34,West
131,2,10,4,11,Male,18-34,West
131,2,11,6,13,Male,18-34,West
131,2,12,8,14,Male,18-34,West
132,1,1,5,15,Female,35-54,South
132,1,2,1,10,Female,35-54,South
132,1,3,6,14,Female,35-54,South
132,1,4,1,8,Female,35-54,South
132,1,5,4,14,Female,35-54,South
132,1,6,5,10,Female,35-54,South
132,1,7,1,10,Female,35-54,South
132,1,8,3,8,Female,35-54,South
132,1,9,12,15,Female,35-54,South
132,1,10,1,10,Female,35-54,South
132,1,11,12,15,Female,35-54,South
132,1,12,2,8,Female,35-54,South
133,2,1,3,12,Female,18-34,South
133,2,2,2,14,Female,18-34,South
133,2,3,6,15,Female,18-34,South
133,2,4,4,11,Female,18-34,South
133,2,5,5,15,Female,18-34,South
133,2,6,3,8,Female,18-34,South
133,2,7,3,7,Female,18-34,South
133,2,8,5,14,Female,18-34,South
133,2,9,10,13,Female,18-34,South
133,2,10,7,11,Female,18-34,South
133,2,11,2,13,Female,18-34,South
133,2,12,1,8,Female,18-34,South
134,1,1,2,11,Female,18-34,East
134,1,2,1,13,Female,18-34,East
134,1,3,7,14,Female,18-34,East
134,1,4,1,11,Female,18-34,East
134,1,5,3,14,Female,18-34,East
134,1,6,15,13,Female,18-34,East
134,1,7,1,10,Female,18-34,East
134,1,8,3,9,Female,18-34,East
134,1,9,2,14,Female,18-34,East
134,1,10,3,10,Female,18-34,East
134,1,11,12,15,Female,18-34,East
134,1,12,2,13,Female,18-34,East
135,2,1,1,11,Male,55+,South
135,2,2,2,14,Male,55+,South
135,2,3,5,15,Male,55+,South
135,2,4,4,11,Male,55+,South
135,2,5,1,15,Male,55+,South
135,2,6,2,12,Male,55+,South
135,2,7,3,11,Male,55+,South
135,2,8,2,14,Male,55+,South
135,2,9,8,10,Male,55+,South
135,2,10,4,11,Male,55+,South
135,2,11,2,15,Male,55+,South
135,2,12,1,14,Male,55+,South
136,1,1,2,9,Female,18-34,East
136,1,2,3,13,Female,18-34,East
136,1,3,4,6,Female,18-34,East
136,1,4,1,11,Female,18-34,East
136,1,5,3,4,Female,18-34,East
136,1,6,13,15,Female,18-34,East
136,1,7,1,10,Female,18-34,East
136,1,8,3,11,Female,18-34,East
136,1,9,2,15,Female,18-34,East
136,1,10,3,9,Female,18-34,East
136,1,11,5,15,Female,18-34,East
136,1,12,2,8,Female,18-34,East
137,2,1,1,12,Male,18-34,North
137,2,2,8,14,Male,18-34,North
137,2,3,6,15,Male,18-34,North
137,2,4,4,11,Male,18-34,North
137,2,5,1,15,Male,18-34,North
137,2,6,2,14,Male,18-34,North
137,2,7,4,11,Male,18-34,North
137,2,8,5,14,Male,18-34,North
137,2,9,8,12,Male,18-34,North
137,2,10,4,10,Male,18-34,North
137,2,11,6,15,Male,18-34,North
137,2,12,1,14,Male,18-34,North
138,1,1,2,15,Female,35-54,West
138,1,2,1,12,Female,35-54,West
138,1,3,6,14,Female,35-54,West
138,1,4,1,11,Female,35-54,West
138,1,5,2,4,Female,35-54,West
138,1,6,5,15,Female,35-54,West
138,1,7,1,6,Female,35-54,West
138,1,8,5,11,Female,35-54,West
138,1,9,2,15,Female,35-54,West
138,1,10,1,7,Female,35-54,West
138,1,11,5,12,Female,35-54,West
138,1,12,2,13,Female,35-54,West
139,2,1,3,12,Male,18-34,East
139,2,2,4,14,Male,18-34,East
139,2,3,10,15,Male,18-34,East
139,2,4,4,13,Male,18-34,East
139,2,5,6,15,Male,18-34,East
139,2,6,8,12,Male,18-34,East
139,2,7,3,4,Male,18-34,East
139,2,8,6,14,Male,18-34,East
139,2,9,8,15,Male,18-34,East
139,2,10,10,9,Male,18-34,East
139,2,11,2,15,Male,18-34,East
139,2,12,1,14,Male,18-34,East
140,1,1,5,15,Male,35-54,South
140,1,2,1,12,Male,35-54,South
140,1,3,6,14,Male,35-54,South
140,1,4,1,11,Male,35-54,South
140,1,5,2,14,Male,35-54,South
140,1,6,5,15,Male,35-54,South
140,1,7,1,10,Male,35-54,South
140,1,8,8,11,Male,35-54,South
140,1,9,2,14,Male,35-54,South
140,1,10,7,3,Male,35-54,South
140,1,11,5,15,Male,35-54,South
140,1,12,2,14,Male,35-54,South
141,2,1,3,12,Female,18-34,North
141,2,2,8,14,Female,18-34,North
141,2,3,5,6,Female,18-34,North
141,2,4,4,13,Female,18-34,North
141,2,5,1,6,Female,18-34,North
141,2,6,2,12,Female,18-34,North
141,2,7,3,7,Female,18-34,North
141,2,8,2,6,Female,18-34,North
141,2,9,8,13,Female,18-34,North
141,2,10,4,10,Female,18-34,North
141,2,11,2,12,Female,18-34,North
141,2,12,3,14,Female,18-34,North
142,1,1,5,15,Female,18-34,South
142,1,2,3,13,Female,18-34,South
142,1,3,4,14,Female,18-34,South
142,1,4,11,6,Female,18-34,South
142,1,5,3,14,Female,18-34,South
142,1,6,10,13,Female,18-34,South
142,1,7,1,13,Female,18-34,South
142,1,8,3,9,Female,18-34,South
142,1,9,2,12,Female,18-34,South
142,1,10,1,9,Female,18-34,South
142,1,11,5,12,Female,18-34,South
142,1,12,6,13,Female,18-34,South
143,2,1,1,11,Female,55+,South
143,2,2,2,8,Female,55+,South
143,2,3,15,13,Female,55+,South
143,2,4,9,13,Female,55+,South
143,2,5,1,15,Female,55+,South
143,2,6,2,8,Female,55+,South
143,2,7,3,11,Female,55+,South
143,2,8,2,6,Female,55+,South
143,2,9,10,8,Female,55+,South
143,2,10,7,10,Female,55+,South
143,2,11,2,15,Female,55+,South
143,2,12,5,8,Female,55+,South
144,1,1,5,15,Male,18-34,West
144,1,2,1,12,Male,18-34,West
144,1,3,7,14,Male,18-34,West
144,1,4,1,11,Male,18-34,West
144,1,5,2,14,Male,18-34,West
144,1,6,5,15,Male,18-34,West
144,1,7,1,10,Male,18-34,West
144,1,8,8,9,Male,18-34,West
144,1,9,2,14,Male,18-34,West
144,1,10,1,10,Male,18-34,West
144,1,11,5,15,Male,18-34,West
144,1,12,8,14,Male,18-34,West
145,2,1,1,11,Male,35-54,South
145,2,2,2,14,Male,35-54,South
145,2,3,5,15,Male,35-54,South
145,2,4,4,13,Male,35-54,South
145,2,5,1,15,Male,35-54,South
145,2,6,2,12,Male,35-54,South
145,2,7,1,11,Male,35-54,South
145,2,8,2,14,Male,35-54,South
145,2,9,10,13,Male,35-54,South
145,2,10,7,9,Male,35-54,South
145,2,11,2,13,Male,35-54,South
145,2,12,1,14,Male,35-54,South
146,1,1,2,15,Male,35-54,North
146,1,2,1,12,Male,35-54,North
146,1,3,7,6,Male,35-54,North
146,1,4,1,11,Male,35-54,North
146,1,5,2,14,Male,35-54,North
146,1,6,5,15,Male,35-54,North
146,1,7,1,7,Male,35-54,North
146,1,8,8,3,Male,35-54,North
146,1,9,4,15,Male,35-54,North
146,1,10,1,9,Male,35-54,North
146,1,11,4,15,Male,35-54,North
146,1,12,8,14,Male,35-54,North
147,2,1,3,11,Female,35-54,West
147,2,2,4,9,Female,35-54,West
147,2,3,5,15,Female,35-54,West
147,2,4,10,11,Female,35-54,West
147,2,5,1,7,Female,35-54,West
147,2,6,12,8,Female,35-54,West
147,2,7,1,11,Female,35-54,West
147,2,8,2,14,Female,35-54,West
147,2,9,8,10,Female,35-54,West
147,2,10,7,9,Female,35-54,West
147,2,11,2,15,Female,35-54,West
147,2,12,1,14,Female,35-54,West
148,1,1,2,15,Female,35-54,North
148,1,2,1,10,Female,35-54,North
148,1,3,7,8,Female,35-54,North
148,1,4,1,8,Female,35-54,North
148,1,5,7,4,Female,35-54,North
148,1,6,15,12,Female,35-54,North
148,1,7,1,13,Female,35-54,North
148,1,8,3,11,Female,35-54,North
148,1,9,2,12,Female,35-54,North
148,1,10,1,9,Female,35-54,North
148,1,11,5,15,Female,35-54,North
148,1,12,2,8,Female,35-54,North
149,2,1,1,12,Male,18-34,North
149,2,2,8,14,Male,18-34,North
149,2,3,6,15,Male,18-34,North
149,2,4,9,11,Male,18-34,North
149,2,5,6,15,Male,18-34,North
149,2,6,2,12,Male,18-34,North
149,2,7,1,4,Male,18-34,North
149,2,8,6,14,Male,18-34,North
149,2,9,8,15,Male,18-34,North
149,2,10,10,11,Male,18-34,North
149,2,11,2,15,Male,18-34,North
149,2,12,1,14,Male,18-34,North
150,1,1,5,11,Male,18-34,East
150,1,2,1,10,Male,18-34,East
150,1,3,8,14,Male,18-34,East
150,1,4,1,9,Male,18-34,East
150,1,5,4,14,Male,18-34,East
150,1,6,10,13,Male,18-34,East
150,1,7,1,13,Male,18-34,East
150,1,8,8,11,Male,18-34,East
150,1,9,2,15,Male,18-34,East
150,1,10,1,9,Male,18-34,East
150,1,11,5,15,Male,18-34,East
150,1,12,2,13,Male,18-34,East
151,2,1,3,12,Female,18-34,East
151,2,2,2,9,Female,18-34,East
151,2,3,5,15,Female,18-34,East
151,2,4,4,13,Female,18-34,East
151,2,5,1,15,Female,18-34,East
151,2,6,3,12,Female,18-34,East
151,2,7,3,7,Female,18-34,East
151,2,8,6,14,Female,18-34,East
151,2,9,8,13,Female,18-34,East
151,2,10,4,10,Female,18-34,East
151,2,11,2,15,Female,18-34,East
151,2,12,1,14,Female,18-34,East
152,1,1,2,15,Female,35-54,South
152,1,2,1,13,Female,35-54,South
152,1,3,4,8,Female,35-54,South
152,1,4,1,6,Female,35-54,South
152,1,5,3,14,Female,35-54,South
152,1,6,10,13,Female,35-54,South
152,1,7,1,13,Female,35-54,South
152,1,8,3,8,Female,35-54,South
152,1,9,2,15,Female,35-54,South
152,1,10,1,10,Female,35-54,South
152,1,11,5,15,Female,35-54,South
152,1,12,2,8,Female,35-54,South
153,2,1,1,11,Female,35-54,East
153,2,2,2,14,Female,35-54,East
153,2,3,5,13,Female,35-54,East
153,2,4,4,9,Female,35-54,East
153,2,5,1,15,Female,35-54,East
153,2,6,2,14,Female,35-54,East
153,2,7,1,11,Female,35-54,East
153,2,8,2,14,Female,35-54,East
153,2,9,8,15,Female,35-54,East
153,2,10,4,10,Female,35-54,East
153,2,11,6,13,Female,35-54,East
153,2,12,1,8,Female,35-54,East
154,1,1,2,15,Female,35-54,North
154,1,2,1,12,Female,35-54,North
154,1,3,8,7,Female,35-54,North
154,1,4,1,11,Female,35-54,North
154,1,5,3,7,Female,35-54,North
154,1,6,5,15,Female,35-54,North
154,1,7,1,7,Female,35-54,North
154,1,8,3,11,Female,35-54,North
154,1,9,2,12,Female,35-54,North
154,1,10,3,9,Female,35-54,North
154,1,11,4,15,Female,35-54,North
154,1,12,2,13,Female,35-54,North
155,2,1,1,3,Male,35-54,West
155,2,2,2,8,Male,35-54,West
155,2,3,6,13,Male,35-54,West
155,2,4,4,9,Male,35-54,West
155,2,5,1,15,Male,35-54,West
155,2,6,14,12,Male,35-54,West
155,2,7,1,4,Male,35-54,West
155,2,8,6,14,Male,35-54,West
155,2,9,8,15,Male,35-54,West
155,2,10,7,10,Male,35-54,West
155,2,11,2,15,Male,35-54,West
155,2,12,1,3,Male,35-54,West
156,1,1,2,15,Female,35-54,North
156,1,2,1,12,Female,35-54,North
156,1,3,8,14,Female,35-54,North
156,1,4,1,11,Female,35-54,North
156,1,5,2,14,Female,35-54,North
156,1,6,13,15,Female,35-54,North
156,1,7,1,10,Female,35-54,North
156,1,8,5,11,Female,35-54,North
156,1,9,2,12,Female,35-54,North
156,1,10,1,10,Female,35-54,North
156,1,11,4,11,Female,35-54,North
156,1,12,2,13,Female,35-54,North
157,2,1,1,12,Female,55+,East
157,2,2,14,8,Female,55+,East
157,2,3,5,15,Female,55+,East
157,2,4,9,11,Female,55+,East
157,2,5,1,15,Female,55+,East
157,2,6,2,8,Female,55+,East
157,2,7,1,11,Female,55+,East
157,2,8,5,6,Female,55+,East
157,2,9,12,8,Female,55+,East
157,2,10,4,7,Female,55+,East
157,2,11,2,13,Female,55+,East
157,2,12,1,8,Female,55+,East
158,1,1,2,9,Male,35-54,East
158,1,2,1,13,Male,35-54,East
158,1,3,8,14,Male,35-54,East
158,1,4,1,11,Male,35-54,East
158,1,5,2,14,Male,35-54,East
158,1,6,12,10,Male,35-54,East
158,1,7,1,10,Male,35-54,East
158,1,8,8,9,Male,35-54,East
158,1,9,4,14,Male,35-54,East
158,1,10,1,10,Male,35-54,East
158,1,11,4,15,Male,35-54,East
158,1,12,6,14,Male,35-54,East
159,2,1,1,12,Male,35-54,East
159,2,2,9,14,Male,35-54,East
159,2,3,10,15,Male,35-54,East
159,2,4,9,13,Male,35-54,East
159,2,5,1,15,Male,35-54,East
159,2,6,2,14,Male,35-54,East
159,2,7,1,11,Male,35-54,East
159,2,8,6,14,Male,35-54,East
159,2,9,8,15,Male,35-54,East
159,2,10,4,11,Male,35-54,East
159,2,11,2,15,Male,35-54,East
159,2,12,1,14,Male,35-54,East
160,1,1,15,9,Male,35-54,North
160,1,2,1,12,Male,35-54,North
160,1,3,7,14,Male,35-54,North
160,1,4,1,8,Male,35-54,North
160,1,5,2,14,Male,35-54,North
160,1,6,5,15,Male,35-54,North
160,1,7,1,10,Male,35-54,North
160,1,8,3,9,Male,35-54,North
160,1,9,2,15,Male,35-54,North
160,1,10,1,3,Male,35-54,North
160,1,11,4,15,Male,35-54,North
160,1,12,2,14,Male,35-54,North
161,2,1,1,11,Male,18-34,South
161,2,2,2,14,Male,18-34,South
161,2,3,6,15,Male,18-34,South
161,2,4,9,13,Male,18-34,South
161,2,5,6,15,Male,18-34,South
161,2,6,2,14,Male,18-34,South
161,2,7,1,11,Male,18-34,South
161,2,8,2,9,Male,18-34,South
161,2,9,8,13,Male,18-34,South
161,2,10,4,11,Male,18-34,South
161,2,11,2,13,Male,18-34,South
161,2,12,1,14,Male,18-34,South
162,1,1,2,15,Female,35-54,North
162,1,2,1,12,Female,35-54,North
162,1,3,4,14,Female,35-54,North
162,1,4,1,9,Female,35-54,North
162,1,5,2,14,Female,35-54,North
162,1,6,10,13,Female,35-54,North
162,1,7,1,10,Female,35-54,North
162,1,8,8,11,Female,35-54,North
162,1,9,2,12,Female,35-54,North
162,1,10,1,7,Female,35-54,North
162,1,11,5,15,Female,35-54,North
162,1,12,2,13,Female,35-54,North
163,2,1,1,11,Female,35-54,West
163,2,2,2,9,Female,35-54,West
163,2,3,5,15,Female,35-54,West
163,2,4,4,9,Female,35-54,West
163,2,5,5,15,Female,35-54,West
163,2,6,2,8,Female,35-54,West
163,2,7,3,4,Female,35-54,West
163,2,8,2,14,Female,35-54,West
163,2,9,8,12,Female,35-54,West
163,2,10,4,9,Female,35-54,West
163,2,11,2,15,Female,35-54,West
163,2,12,3,8,Female,35-54,West
164,1,1,2,9,Female,35-54,South
164,1,2,1,12,Female,35-54,South
164,1,3,4,14,Female,35-54,South
164,1,4,1,8,Female,35-54,South
164,1,5,3,14,Female,35-54,South
164,1,6,10,12,Female,35-54,South
164,1,7,1,10,Female,35-54,South
164,1,8,3,8,Female,35-54,South
164,1,9,4,15,Female,35-54,South
164,1,10,3,9,Female,35-54,South
164,1,11,4,11,Female,35-54,South
164,1,12,6,8,Female,35-54,South
165,2,1,1,12,Female,55+,North
165,2,2,2,8,Female,55+,North
165,2,3,5,13,Female,55+,North
165,2,4,4,13,Female,55+,North
165,2,5,1,15,Female,55+,North
165,2,6,2,8,Female,55+,North
165,2,7,1,11,Female,55+,North
165,2,8,2,9,Female,55+,North
165,2,9,12,15,Female,55+,North
165,2,10,7,10,Female,55+,North
165,2,11,2,15,Female,55+,North
165,2,12,1,8,Female,55+,North
166,1,1,5,15,Female,18-34,East
166,1,2,1,13,Female,18-34,East
166,1,3,8,14,Female,18-34,East
166,1,4,6,9,Female,18-34,East
166,1,5,3,7,Female,18-34,East
166,1,6,12,15,Female,18-34,East
166,1,7,7,10,Female,18-34,East
166,1,8,3,9,Female,18-34,East
166,1,9,4,14,Female,18-34,East
166,1,10,3,9,Female,18-34,East
166,1,11,5,15,Female,18-34,East
166,1,12,2,6,Female,18-34,East
167,2,1,1,11,Female,35-54,South
167,2,2,2,8,Female,35-54,South
167,2,3,5,15,Female,35-54,South
167,2,4,10,4,Female,35-54,South
167,2,5,1,7,Female,35-54,South
167,2,6,2,12,Female,35-54,South
167,2,7,1,11,Female,35-54,South
167,2,8,5,9,Female,35-54,South
167,2,9,12,15,Female,35-54,South
167,2,10,10,11,Female,35-54,South
167,2,11,2,12,Female,35-54,South
167,2,12,1,8,Female,35-54,South
168,1,1,2,15,Male,35-54,North
168,1,2,1,13,Male,35-54,North
168,1,3,4,14,Male,35-54,North
168,1,4,1,11,Male,35-54,North
168,1,5,2,14,Male,35-54,North
168,1,6,10,15,Male,35-54,North
168,1,7,1,10,Male,35-54,North
168,1,8,9,8,Male,35-54,North
168,1,9,2,15,Male,35-54,North
168,1,10,1,7,Male,35-54,North
168,1,11,5,15,Male,35-54,North
168,1,12,2,14,Male,35-54,North
169,2,1,1,7,Female,35-54,North
169,2,2,9,8,Female,35-54,North
169,2,3,5,15,Female,35-54,North
169,2,4,4,13,Female,35-54,North
169,2,5,1,15,Female,35-54,North
169,2,6,2,14,Female,35-54,North
169,2,7,4,11,Female,35-54,North
169,2,8,2,14,Female,35-54,North
169,2,9,10,15,Female,35-54,North
169,2,10,4,9,Female,35-54,North
169,2,11,2,12,Female,35-54,North
169,2,12,1,8,Female,35-54,North
170,1,1,2,11,Female,18-34,South
170,1,2,3,10,Female,18-34,South
170,1,3,4,7,Female,18-34,South
170,1,4,9,11,Female,18-34,South
170,1,5,3,4,Female,18-34,South
170,1,6,5,13,Female,18-34,South
170,1,7,1,10,Female,18-34,South
170,1,8,5,11,Female,18-34,South
170,1,9,12,15,Female,18-34,South
170,1,10,3,9,Female,18-34,South
170,1,11,5,11,Female,18-34,South
170,1,12,2,8,Female,18-34,South
171,2,1,1,12,Male,35-54,North
171,2,2,2,14,Male,35-54,North
171,2,3,6,10,Male,35-54,North
171,2,4,4,10,Male,35-54,North
171,2,5,5,7,Male,35-54,North
171,2,6,2,14,Male,35-54,North
171,2,7,4,3,Male,35-54,North
171,2,8,2,14,Male,35-54,North
171,2,9,8,13,Male,35-54,North
171,2,10,4,9,Male,35-54,North
171,2,11,2,15,Male,35-54,North
171,2,12,1,14,Male,35-54,North
172,1,1,2,15,Male,18-34,West
172,1,2,1,13,Male,18-34,West
172,1,3,6,14,Male,18-34,West
172,1,4,1,8,Male,18-34,West
172,1,5,2,14,Male,18-34,West
172,1,6,5,15,Male,18-34,West
172,1,7,1,13,Male,18-34,West
172,1,8,8,9,Male,18-34,West
172,1,9,2,15,Male,18-34,West
172,1,10,1,9,Male,18-34,West
172,1,11,4,15,Male,18-34,West
172,1,12,2,14,Male,18-34,West
173,2,1,1,12,Male,18-34,South
173,2,2,2,14,Male,18-34,South
173,2,3,6,10,Male,18-34,South
173,2,4,4,11,Male,18-34,South
173,2,5,1,15,Male,18-34,South
173,2,6,2,14,Male,18-34,South
173,2,7,1,11,Male,18-34,South
173,2,8,6,9,Male,18-34,South
173,2,9,8,10,Male,18-34,South
173,2,10,4,7,Male,18-34,South
173,2,11,6,15,Male,18-34,South
173,2,12,1,14,Male,18-34,South
174,1,1,2,15,Female,35-54,South
174,1,2,3,13,Female,35-54,South
174,1,3,4,14,Female,35-54,South
174,1,4,1,9,Female,35-54,South
174,1,5,3,7,Female,35-54,South
174,1,6,5,13,Female,35-54,South
174,1,7,1,6,Female,35-54,South
174,1,8,3,9,Female,35-54,South
174,1,9,2,15,Female,35-54,South
174,1,10,3,9,Female,35-54,South
174,1,11,11,15,Female,35-54,South
174,1,12,2,14,Female,35-54,South
175,2,1,1,11,Male,18-34,North
175,2,2,2,14,Male,18-34,North
175,2,3,6,15,Male,18-34,North
175,2,4,13,10,Male,18-34,North
175,2,5,1,15,Male,18-34,North
175,2,6,2,14,Male,18-34,North
175,2,7,3,7,Male,18-34,North
175,2,8,2,14,Male,18-34,North
175,2,9,8,15,Male,18-34,North
175,2,10,4,10,Male,18-34,North
175,2,11,2,15,Male,18-34,North
175,2,12,1,14,Male,18-34,North
176,1,1,5,15,Female,18-34,East
176,1,2,3,13,Female,18-34,East
176,1,3,4,14,Female,18-34,East
176,1,4,8,9,Female,18-34,East
176,1,5,3,14,Female,18-34,East
176,1,6,5,13,Female,18-34,East
176,1,7,1,13,Female,18-34,East
176,1,8,3,11,Female,18-34,East
176,1,9,4,15,Female,18-34,East
176,1,10,3,9,Female,18-34,East
176,1,11,4,12,Female,18-34,East
176,1,12,6,13,Female,18-34,East
177,2,1,1,11,Male,55+,North
177,2,2,4,14,Male,55+,North
177,2,3,5,13,Male,55+,North
177,2,4,4,9,Male,55+,North
177,2,5,1,6,Male,55+,North
177,2,6,2,14,Male,55+,North
177,2,7,1,11,Male,55+,North
177,2,8,2,14,Male,55+,North
177,2,9,8,15,Male,55+,North
177,2,10,4,11,Male,55+,North
177,2,11,2,12,Male,55+,North
177,2,12,1,14,Male,55+,North
178,1,1,2,15,Female,18-34,East
178,1,2,3,10,Female,18-34,East
178,1,3,4,14,Female,18-34,East
178,1,4,9,11,Female,18-34,East
178,1,5,3,14,Female,18-34,East
178,1,6,5,15,Female,18-34,East
178,1,7,1,10,Female,18-34,East
178,1,8,3,11,Female,18-34,East
178,1,9,2,14,Female,18-34,East
178,1,10,3,7,Female,18-34,East
178,1,11,5,15,Female,18-34,East
178,1,12,2,13,Female,18-34,East
179,2,1,1,12,Male,35-54,East
179,2,2,8,14,Male,35-54,East
179,2,3,5,13,Male,35-54,East
179,2,4,4,11,Male,35-54,East
179,2,5,1,15,Male,35-54,East
179,2,6,2,14,Male,35-54,East
179,2,7,3,11,Male,35-54,East
179,2,8,2,14,Male,35-54,East
179,2,9,8,12,Male,35-54,East
179,2,10,7,11,Male,35-54,East
179,2,11,2,15,Male,35-54,East
179,2,12,1,14,Male,35-54,East
180,1,1,2,9,Female,35-54,West
180,1,2,1,12,Female,35-54,West
180,1,3,4,7,Female,35-54,West
180,1,4,1,8,Female,35-54,West
180,1,5,2,14,Female,35-54,West
180,1,6,10,15,Female,35-54,West
180,1,7,10,13,Female,35-54,West
180,1,8,5,8,Female,35-54,West
180,1,9,2,12,Female,35-54,West
180,1,10,1,7,Female,35-54,West
180,1,11,4,15,Female,35-54,West
180,1,12,2,13,Female,35-54,West
181,2,1,3,12,Female,18-34,South
181,2,2,2,8,Female,18-34,South
181,2,3,5,13,Female,18-34,South
181,2,4,9,13,Female,18-34,South
181,2,5,1,15,Female,18-34,South
181,2,6,2,12,Female,18-34,South
181,2,7,3,11,Female,18-34,South
181,2,8,2,14,Female,18-34,South
181,2,9,8,12,Female,18-34,South
181,2,10,7,9,Female,18-34,South
181,2,11,2,12,Female,18-34,South
181,2,12,3,14,Female,18-34,South
182,1,1,2,15,Male,55+,East
182,1,2,1,13,Male,55+,East
182,1,3,6,14,Male,55+,East
182,1,4,1,9,Male,55+,East
182,1,5,2,14,Male,55+,East
182,1,6,10,15,Male,55+,East
182,1,7,1,13,Male,55+,East
182,1,8,3,11,Male,55+,East
182,1,9,4,14,Male,55+,East
182,1,10,7,9,Male,55+,East
182,1,11,4,15,Male,55+,East
182,1,12,2,13,Male,55+,East
183,2,1,1,12,Female,55+,West
183,2,2,2,14,Female,55+,West
183,2,3,10,15,Female,55+,West
183,2,4,4,11,Female,55+,West
183,2,5,1,15,Female,55+,West
183,2,6,2,8,Female,55+,West
183,2,7,1,11,Female,55+,West
183,2,8,2,14,Female,55+,West
183,2,9,8,15,Female,55+,West
183,2,10,4,10,Female,55+,West
183,2,11,2,15,Female,55+,West
183,2,12,1,14,Female,55+,West
184,1,1,2,15,Female,18-34,East
184,1,2,3,13,Female,18-34,East
184,1,3,4,14,Female,18-34,East
184,1,4,1,9,Female,18-34,East
184,1,5,3,14,Female,18-34,East
184,1,6,12,15,Female,18-34,East
184,1,7,1,10,Female,18-34,East
184,1,8,3,9,Female,18-34,East
184,1,9,12,14,Female,18-34,East
184,1,10,3,7,Female,18-34,East
184,1,11,5,12,Female,18-34,East
184,1,12,2,13,Female,18-34,East
185,2,1,1,11,Male,35-54,East
185,2,2,8,14,Male,35-54,East
185,2,3,6,15,Male,35-54,East
185,2,4,4,13,Male,35-54,East
185,2,5,1,15,Male,35-54,East
185,2,6,2,12,Male,35-54,East
185,2,7,4,11,Male,35-54,East
185,2,8,2,14,Male,35-54,East
185,2,9,8,15,Male,35-54,East
185,2,10,7,11,Male,35-54,East
185,2,11,2,15,Male,35-54,East
185,2,12,1,14,Male,35-54,East
186,1,1,2,15,Female,55+,North
186,1,2,1,12,Female,55+,North
186,1,3,4,14,Female,55+,North
186,1,4,1,8,Female,55+,North
186,1,5,2,14,Female,55+,North
186,1,6,12,10,Female,55+,North
186,1,7,1,13,Female,55+,North
186,1,8,3,8,Female,55+,North
186,1,9,4,14,Female,55+,North
186,1,10,1,9,Female,55+,North
186,1,11,5,15,Female,55+,North
186,1,12,2,14,Female,55+,North
187,2,1,1,11,Female,18-34,East
187,2,2,9,8,Female,18-34,East
187,2,3,6,15,Female,18-34,East
187,2,4,4,13,Female,18-34,East
187,2,5,1,15,Female,18-34,East
187,2,6,3,12,Female,18-34,East
187,2,7,1,7,Female,18-34,East
187,2,8,2,14,Female,18-34,East
187,2,9,8,13,Female,18-34,East
187,2,10,7,11,Female,18-34,East
187,2,11,2,12,Female,18-34,East
187,2,12,1,8,Female,18-34,East
188,1,1,2,15,Female,35-54,North
188,1,2,3,12,Female,35-54,North
188,1,3,6,14,Female,35-54,North
188,1,4,1,9,Female,35-54,North
188,1,5,2,7,Female,35-54,North
188,1,6,5,13,Female,35-54,North
188,1,7,1,6,Female,35-54,North
188,1,8,3,11,Female,35-54,North
188,1,9,2,14,Female,35-54,North
188,1,10,1,9,Female,35-54,North
188,1,11,5,12,Female,35-54,North
188,1,12,2,13,Female,35-54,North
189,2,1,1,12,Female,35-54,East
189,2,2,4,8,Female,35-54,East
189,2,3,5,15,Female,35-54,East
189,2,4,4,11,Female,35-54,East
189,2,5,6,15,Female,35-54,East
189,2,6,2,8,Female,35-54,East
189,2,7,1,11,Female,35-54,East
189,2,8,2,9,Female,35-54,East
189,2,9,10,15,Female,35-54,East
189,2,10,7,9,Female,35-54,East
189,2,11,6,12,Female,35-54,East
189,2,12,5,14,Female,35-54,East
190,1,1,2,9,Female,35-54,North
190,1,2,1,13,Female,35-54,North
190,1,3,4,14,Female,35-54,North
190,1,4,1,9,Female,35-54,North
190,1,5,2,14,Female,35-54,North
190,1,6,5,12,Female,35-54,North
190,1,7,7,10,Female,35-54,North
190,1,8,3,9,Female,35-54,North
190,1,9,2,14,Female,35-54,North
190,1,10,7,9,Female,35-54,North
190,1,11,4,15,Female,35-54,North
190,1,12,2,14,Female,35-54,North
191,2,1,1,12,Male,18-34,North
191,2,2,2,14,Male,18-34,North
191,2,3,6,15,Male,18-34,North
191,2,4,4,11,Male,18-34,North
191,2,5,6,15,Male,18-34,North
191,2,6,8,12,Male,18-34,North
191,2,7,11,7,Male,18-34,North
191,2,8,2,5,Male,18-34,North
191,2,9,8,12,Male,18-34,North
191,2,10,4,7,Male,18-34,North
191,2,11,2,12,Male,18-34,North
191,2,12,1,14,Male,18-34,North
192,1,1,2,15,Male,35-54,South
192,1,2,1,12,Male,35-54,South
192,1,3,4,14,Male,35-54,South
192,1,4,1,9,Male,35-54,South
192,1,5,2,14,Male,35-54,South
192,1,6,5,12,Male,35-54,South
192,1,7,1,13,Male,35-54,South
192,1,8,8,11,Male,35-54,South
192,1,9,4,12,Male,35-54,South
192,1,10,1,10,Male,35-54,South
192,1,11,4,12,Male,35-54,South
192,1,12,2,14,Male,35-54,South
193,2,1,1,12,Female,35-54,West
193,2,2,2,8,Female,35-54,West
193,2,3,5,15,Female,35-54,West
193,2,4,9,10,Female,35-54,West
193,2,5,1,15,Female,35-54,West
193,2,6,3,12,Female,35-54,West
193,2,7,1,11,Female,35-54,West
193,2,8,5,14,Female,35-54,West
193,2,9,8,15,Female,35-54,West
193,2,10,4,9,Female,35-54,West
193,2,11,2,15,Female,35-54,West
193,2,12,1,14,Female,35-54,West
194,1,1,5,9,Female,18-34,West
194,1,2,3,12,Female,18-34,West
194,1,3,6,8,Female,18-34,West
194,1,4,1,8,Female,18-34,West
194,1,5,3,4,Female,18-34,West
194,1,6,5,12,Female,18-34,West
194,1,7,1,10,Female,18-34,West
194,1,8,3,9,Female,18-34,West
194,1,9,2,12,Female,18-34,West
194,1,10,3,9,Female,18-34,West
194,1,11,4,12,Female,18-34,West
194,1,12,2,13,Female,18-34,West
195,2,1,3,11,Female,18-34,East
195,2,2,14,9,Female,18-34,East
195,2,3,6,15,Female,18-34,East
195,2,4,4,9,Female,18-34,East
195,2,5,5,15,Female,18-34,East
195,2,6,3,12,Female,18-34,East
195,2,7,3,11,Female,18-34,East
195,2,8,6,9,Female,18-34,East
195,2,9,12,10,Female,18-34,East
195,2,10,9,11,Female,18-34,East
195,2,11,2,15,Female,18-34,East
195,2,12,3,14,Female,18-34,East
196,1,1,2,15,Male,35-54,North
196,1,2,1,13,Male,35-54,North
196,1,3,6,14,Male,35-54,North
196,1,4,6,11,Male,35-54,North
196,1,5,4,7,Male,35-54,North
196,1,6,5,13,Male,35-54,North
196,1,7,1,13,Male,35-54,North
196,1,8,9,11,Male,35-54,North
196,1,9,2,14,Male,35-54,North
196,1,10,1,9,Male,35-54,North
196,1,11,5,15,Male,35-54,North
196,1,12,2,13,Male,35-54,North
197,2,1,1,12,Male,18-34,West
197,2,2,4,14,Male,18-34,West
197,2,3,6,13,Male,18-34,West
197,2,4,11,10,Male,18-34,West
197,2,5,6,15,Male,18-34,West
197,2,6,2,14,Male,18-34,West
197,2,7,1,11,Male,18-34,West
197,2,8,9,14,Male,18-34,West
197,2,9,12,13,Male,18-34,West
197,2,10,4,11,Male,18-34,West
197,2,11,2,13,Male,18-34,West
197,2,12,1,14,Male,18-34,West
198,1,1,5,15,Female,18-34,South
198,1,2,3,13,Female,18-34,South
198,1,3,4,14,Female,18-34,South
198,1,4,1,11,Female,18-34,South
198,1,5,3,7,Female,18-34,South
198,1,6,5,13,Female,18-34,South
198,1,7,1,13,Female,18-34,South
198,1,8,3,11,Female,18-34,South
198,1,9,2,14,Female,18-34,South
198,1,10,3,9,Female,18-34,South
198,1,11,5,15,Female,18-34,South
198,1,12,6,13,Female,18-34,South
199,2,1,1,12,Female,35-54,South
199,2,2,2,14,Female,35-54,South
199,2,3,6,10,Female,35-54,South
199,2,4,4,13,Female,35-54,South
199,2,5,5,15,Female,35-54,South
199,2,6,2,14,Female,35-54,South
199,2,7,3,7,Female,35-54,South
199,2,8,2,14,Female,35-54,South
199,2,9,13,8,Female,35-54,South
199,2,10,4,10,Female,35-54,South
199,2,11,2,15,Female,35-54,South
199,2,12,1,14,Female,35-54,South
200,1,1,9,15,Male,18-34,South
200,1,2,3,13,Male,18-34,South
200,1,3,7,14,Male,18-34,South
200,1,4,8,9,Male,18-34,South
200,1,5,7,14,Male,18-34,South
200,1,6,5,15,Male,18-34,South
200,1,7,7,10,Male,18-34,South
200,1,8,3,9,Male,18-34,South
200,1,9,2,12,Male,18-34,South
200,1,10,3,10,Male,18-34,South
200,1,11,11,12,Male,18-34,South
200,1,12,14,13,Male,18-34,South
201,2,1,3,11,Female,18-34,South
201,2,2,9,14,Female,18-34,South
201,2,3,5,15,Female,18-34,South
201,2,4,10,13,Female,18-34,South
201,2,5,5,15,Female,18-34,South
201,2,6,3,12,Female,18-34,South
201,2,7,1,11,Female,18-34,South
201,2,8,5,14,Female,18-34,South
201,2,9,8,13,Female,18-34,South
201,2,10,7,11,Female,18-34,South
201,2,11,2,13,Female,18-34,South
201,2,12,3,14,Female,18-34,South
202,1,1,9,15,Female,35-54,South
202,1,2,3,13,Female,35-54,South
202,1,3,7,8,Female,35-54,South
202,1,4,6,11,Female,35-54,South
202,1,5,2,14,Female,35-54,South
202,1,6,13,15,Female,35-54,South
202,1,7,1,10,Female,35-54,South
202,1,8,5,11,Female,35-54,South
202,1,9,2,15,Female,35-54,South
202,1,10,1,10,Female,35-54,South
202,1,11,4,12,Female,35-54,South
202,1,12,8,14,Female,35-54,South
203,2,1,1,11,Female,35-54,East
203,2,2,2,8,Female,35-54,East
203,2,3,5,15,Female,35-54,East
203,2,4,10,11,Female,35-54,East
203,2,5,1,15,Female,35-54,East
203,2,6,2,14,Female,35-54,East
203,2,7,3,7,Female,35-54,East
203,2,8,2,9,Female,35-54,East
203,2,9,13,10,Female,35-54,East
203,2,10,10,11,Female,35-54,East
203,2,11,2,15,Female,35-54,East
203,2,12,5,14,Female,35-54,East
204,1,1,5,15,Male,18-34,West
204,1,2,1,13,Male,18-34,West
204,1,3,6,14,Male,18-34,West
204,1,4,1,9,Male,18-34,West
204,1,5,2,14,Male,18-34,West
204,1,6,5,13,Male,18-34,West
204,1,7,1,10,Male,18-34,West
204,1,8,8,11,Male,18-34,West
204,1,9,4,14,Male,18-34,West
204,1,10,1,10,Male,18-34,West
204,1,11,4,15,Male,18-34,West
204,1,12,8,14,Male,18-34,West
205,2,1,1,11,Female,55+,South
205,2,2,2,8,Female,55+,South
205,2,3,5,13,Female,55+,South
205,2,4,4,13,Female,55+,South
205,2,5,1,15,Female,55+,South
205,2,6,2,8,Female,55+,South
205,2,7,1,11,Female,55+,South
205,2,8,2,6,Female,55+,South
205,2,9,15,12,Female,55+,South
205,2,10,4,10,Female,55+,South
205,2,11,2,6,Female,55+,South
205,2,12,1,8,Female,55+,South
206,1,1,2,11,Male,18-34,North
206,1,2,1,13,Male,18-34,North
206,1,3,8,14,Male,18-34,North
206,1,4,1,9,Male,18-34,North
206,1,5,7,14,Male,18-34,North
206,1,6,5,15,Male,18-34,North
206,1,7,1,13,Male,18-34,North
206,1,8,8,9,Male,18-34,North
206,1,9,4,15,Male,18-34,North
206,1,10,3,9,Male,18-34,North
206,1,11,5,12,Male,18-34,North
206,1,12,8,14,Male,18-34,North
207,2,1,1,11,Male,55+,North
207,2,2,2,14,Male,55+,North
207,2,3,5,10,Male,55+,North
207,2,4,4,10,Male,55+,North
207,2,5,1,6,Male,55+,North
207,2,6,2,14,Male,55+,North
207,2,7,1,11,Male,55+,North
207,2,8,5,14,Male,55+,North
207,2,9,13,10,Male,55+,North
207,2,10,4,10,Male,55+,North
207,2,11,2,12,Male,55+,North
207,2,12,1,14,Male,55+,North
208,1,1,5,9,Male,35-54,West
208,1,2,1,12,Male,35-54,West
208,1,3,4,8,Male,35-54,West
208,1,4,1,11,Male,35-54,West
208,1,5,2,4,Male,35-54,West
208,1,6,5,15,Male,35-54,West
208,1,7,1,10,Male,35-54,West
208,1,8,3,9,Male,35-54,West
208,1,9,2,14,Male,35-54,West
208,1,10,1,10,Male,35-54,West
208,1,11,5,11,Male,35-54,West
208,1,12,6,14,Male,35-54,West
209,2,1,1,12,Female,55+,West
209,2,2,2,9,Female,55+,West
209,2,3,10,15,Female,55+,West
209,2,4,4,13,Female,55+,West
209,2,5,1,15,Female,55+,West
209,2,6,2,8,Female,55+,West
209,2,7,1,3,Female,55+,West
209,2,8,2,9,Female,55+,West
209,2,9,10,15,Female,55+,West
209,2,10,7,11,Female,55+,West
209,2,11,2,6,Female,55+,West
209,2,12,1,8,Female,55+,West
210,1,1,2,15,Female,55+,West
210,1,2,3,12,Female,55+,West
210,1,3,6,8,Female,55+,West
210,1,4,1,9,Female,55+,West
210,1,5,4,14,Female,55+,West
210,1,6,5,12,Female,55+,West
210,1,7,1,13,Female,55+,West
210,1,8,3,9,Female,55+,West
210,1,9,2,12,Female,55+,West
210,1,10,3,10,Female,55+,West
210,1,11,5,12,Female,55+,West
210,1,12,2,14,Female,55+,West
211,2,1,1,7,Male,18-34,South
211,2,2,9,14,Male,18-34,South
211,2,3,6,15,Male,18-34,South
211,2,4,9,13,Male,18-34,South
211,2,5,1,15,Male,18-34,South
211,2,6,8,14,Male,18-34,South
211,2,7,1,11,Male,18-34,South
211,2,8,5,14,Male,18-34,South
211,2,9,15,12,Male,18-34,South
211,2,10,7,9,Male,18-34,South
211,2,11,6,12,Male,18-34,South
211,2,12,1,14,Male,18-34,South
212,1,1,2,11,Male,35-54,North
212,1,2,1,12,Male,35-54,North
212,1,3,6,14,Male,35-54,North
212,1,4,1,11,Male,35-54,North
212,1,5,2,14,Male,35-54,North
212,1,6,5,13,Male,35-54,North
212,1,7,1,13,Male,35-54,North
212,1,8,8,3,Male,35-54,North
212,1,9,2,14,Male,35-54,North
212,1,10,1,10,Male,35-54,North
212,1,11,4,11,Male,35-54,North
212,1,12,2,14,Male,35-54,North
213,2,1,1,12,Male,35-54,North
213,2,2,2,14,Male,35-54,North
213,2,3,6,15,Male,35-54,North
213,2,4,9,13,Male,35-54,North
213,2,5,6,15,Male,35-54,North
213,2,6,2,14,Male,35-54,North
213,2,7,1,11,Male,35-54,North
213,2,8,2,14,Male,35-54,North
213,2,9,8,13,Male,35-54,North
213,2,10,4,11,Male,35-54,North
213,2,11,2,13,Male,35-54,North
213,2,12,1,14,Male,35-54,North
214,1,1,2,11,Male,35-54,South
214,1,2,1,10,Male,35-54,South
214,1,3,8,14,Male,35-54,South
214,1,4,1,9,Male,35-54,South
214,1,5,3,7,Male,35-54,South
214,1,6,13,12,Male,35-54,South
214,1,7,1,13,Male,35-54,South
214,1,8,8,11,Male,35-54,South
214,1,9,2,4,Male,35-54,South
214,1,10,1,9,Male,35-54,South
214,1,11,5,12,Male,35-54,South
214,1,12,2,14,Male,35-54,South
215,2,1,1,12,Male,18-34,South
215,2,2,8,14,Male,18-34,South
215,2,3,6,15,Male,18-34,South
215,2,4,4,11,Male,18-34,South
215,2,5,5,15,Male,18-34,South
215,2,6,8,14,Male,18-34,South
215,2,7,1,7,Male,18-34,South
215,2,8,6,14,Male,18-34,South
215,2,9,8,15,Male,18-34,South
215,2,10,4,11,Male,18-34,South
215,2,11,2,12,Male,18-34,South
215,2,12,8,14,Male,18-34,South
216,1,1,2,11,Female,55+,North
216,1,2,1,13,Female,55+,North
216,1,3,4,6,Female,55+,North
216,1,4,1,6,Female,55+,North
216,1,5,2,7,Female,55+,North
216,1,6,5,13,Female,55+,North
216,1,7,1,13,Female,55+,North
216,1,8,3,11,Female,55+,North
216,1,9,2,12,Female,55+,North
216,1,10,1,10,Female,55+,North
216,1,11,4,15,Female,55+,North
216,1,12,2,8,Female,55+,North
217,2,1,1,11,Female,18-34,West
217,2,2,4,8,Female,18-34,West
217,2,3,5,13,Female,18-34,West
217,2,4,4,11,Female,18-34,West
217,2,5,7,15,Female,18-34,West
217,2,6,12,14,Female,18-34,West
217,2,7,3,11,Female,18-34,West
217,2,8,14,6,Female,18-34,West
217,2,9,10,15,Female,18-34,West
217,2,10,7,9,Female,18-34,West
217,2,11,12,13,Female,18-34,West
217,2,12,5,8,Female,18-34,West
218,1,1,2,15,Female,35-54,East
218,1,2,3,10,Female,35-54,East
218,1,3,4,8,Female,35-54,East
218,1,4,6,11,Female,35-54,East
218,1,5,3,14,Female,35-54,East
218,1,6,10,13,Female,35-54,East
218,1,7,6,10,Female,35-54,East
218,1,8,11,8,Female,35-54,East
218,1,9,4,15,Female,35-54,East
218,1,10,1,10,Female,35-54,East
218,1,11,5,15,Female,35-54,East
218,1,12,2,14,Female,35-54,East
219,2,1,1,12,Male,35-54,West
219,2,2,2,14,Male,35-54,West
219,2,3,5,15,Male,35-54,West
219,2,4,4,9,Male,35-54,West
219,2,5,1,15,Male,35-54,West
219,2,6,3,14,Male,35-54,West
219,2,7,1,11,Male,35-54,West
219,2,8,5,14,Male,35-54,West
219,2,9,13,12,Male,35-54,West
219,2,10,7,9,Male,35-54,West
219,2,11,2,12,Male,35-54,West
219,2,12,1,14,Male,35-54,West
220,1,1,5,9,Male,35-54,East
220,1,2,1,12,Male,35-54,East
220,1,3,4,14,Male,35-54,East
220,1,4,1,9,Male,35-54,East
220,1,5,7,14,Male,35-54,East
220,1,6,10,13,Male,35-54,East
220,1,7,1,13,Male,35-54,East
220,1,8,8,9,Male,35-54,East
220,1,9,15,14,Male,35-54,East
220,1,10,9,10,Male,35-54,East
220,1,11,5,4,Male,35-54,East
220,1,12,6,13,Male,35-54,East
221,2,1,1,11,Female,35-54,South
221,2,2,4,9,Female,35-54,South
221,2,3,13,10,Female,35-54,South
221,2,4,11,13,Female,35-54,South
221,2,5,6,15,Female,35-54,South
221,2,6,2,12,Female,35-54,South
221,2,7,1,11,Female,35-54,South
221,2,8,2,9,Female,35-54,South
221,2,9,8,12,Female,35-54,South
221,2,10,9,7,Female,35-54,South
221,2,11,2,15,Female,35-54,South
221,2,12,1,8,Female,35-54,South
222,1,1,2,11,Female,18-34,West
222,1,2,1,12,Female,18-34,West
222,1,3,7,4,Female,18-34,West
222,1,4,1,9,Female,18-34,West
222,1,5,3,14,Female,18-34,West
222,1,6,5,12,Female,18-34,West
222,1,7,1,6,Female,18-34,West
222,1,8,5,9,Female,18-34,West
222,1,9,2,12,Female,18-34,West
222,1,10,3,10,Female,18-34,West
222,1,11,5,15,Female,18-34,West
222,1,12,2,13,Female,18-34,West
223,2,1,1,12,Female,18-34,North
223,2,2,9,14,Female,18-34,North
223,2,3,5,15,Female,18-34,North
223,2,4,4,11,Female,18-34,North
223,2,5,1,15,Female,18-34,North
223,2,6,3,8,Female,18-34,North
223,2,7,1,11,Female,18-34,North
223,2,8,6,9,Female,18-34,North
223,2,9,8,12,Female,18-34,North
223,2,10,4,11,Female,18-34,North
223,2,11,2,12,Female,18-34,North
223,2,12,5,14,Female,18-34,North
224,1,1,2,15,Female,35-54,East
224,1,2,1,13,Female,35-54,East
224,1,3,7,14,Female,35-54,East
224,1,4,1,11,Female,35-54,East
224,1,5,2,14,Female,35-54,East
224,1,6,5,15,Female,35-54,East
224,1,7,1,10,Female,35-54,East
224,1,8,3,11,Female,35-54,East
224,1,9,2,15,Female,35-54,East
224,1,10,7,9,Female,35-54,East
224,1,11,4,11,Female,35-54,East
224,1,12,2,14,Female,35-54,East
225,2,1,7,12,Male,35-54,South
225,2,2,4,9,Male,35-54,South
225,2,3,6,15,Male,35-54,South
225,2,4,4,13,Male,35-54,South
225,2,5,5,15,Male,35-54,South
225,2,6,2,14,Male,35-54,South
225,2,7,1,11,Male,35-54,South
225,2,8,2,14,Male,35-54,South
225,2,9,8,15,Male,35-54,South
225,2,10,4,10,Male,35-54,South
225,2,11,6,15,Male,35-54,South
225,2,12,8,14,Male,35-54,South
226,1,1,5,15,Female,18-34,South
226,1,2,3,13,Female,18-34,South
226,1,3,6,7,Female,18-34,South
226,1,4,1,9,Female,18-34,South
226,1,5,3,14,Female,18-34,South
226,1,6,5,13,Female,18-34,South
226,1,7,1,7,Female,18-34,South
226,1,8,8,11,Female,18-34,South
226,1,9,2,15,Female,18-34,South
226,1,10,1,7,Female,18-34,South
226,1,11,5,15,Female,18-34,South
226,1,12,13,14,Female,18-34,South
227,2,1,1,12,Male,35-54,North
227,2,2,2,14,Male,35-54,North
227,2,3,6,15,Male,35-54,North
227,2,4,10,13,Male,35-54,North
227,2,5,1,15,Male,35-54,North
227,2,6,2,12,Male,35-54,North
227,2,7,1,11,Male,35-54,North
227,2,8,2,14,Male,35-54,North
227,2,9,8,12,Male,35-54,North
227,2,10,10,9,Male,35-54,North
227,2,11,2,15,Male,35-54,North
227,2,12,1,14,Male,35-54,North
228,1,1,5,15,Female,18-34,West
228,1,2,1,13,Female,18-34,West
228,1,3,8,14,Female,18-34,West
228,1,4,1,11,Female,18-34,West
228,1,5,3,14,Female,18-34,West
228,1,6,5,13,Female,18-34,West
228,1,7,1,13,Female,18-34,West
228,1,8,5,9,Female,18-34,West
228,1,9,15,14,Female,18-34,West
228,1,10,7,9,Female,18-34,West
228,1,11,11,15,Female,18-34,West
228,1,12,8,14,Female,18-34,West
229,2,1,1,11,Male,35-54,North
229,2,2,4,14,Male,35-54,North
229,2,3,6,10,Male,35-54,North
229,2,4,4,11,Male,35-54,North
229,2,5,1,15,Male,35-54,North
229,2,6,2,14,Male,35-54,North
229,2,7,1,11,Male,35-54,North
229,2,8,5,14,Male,35-54,North
229,2,9,15,12,Male,35-54,North
229,2,10,7,11,Male,35-54,North
229,2,11,2,13,Male,35-54,North
229,2,12,1,14,Male,35-54,North
230,1,1,2,15,Female,35-54,West
230,1,2,1,13,Female,35-54,West
230,1,3,4,8,Female,35-54,West
230,1,4,1,9,Female,35-54,West
230,1,5,2,14,Female,35-54,West
230,1,6,5,12,Female,35-54,West
230,1,7,1,13,Female,35-54,West
230,1,8,5,8,Female,35-54,West
230,1,9,2,12,Female,35-54,West
230,1,10,1,10,Female,35-54,West
230,1,11,4,11,Female,35-54,West
230,1,12,2,13,Female,35-54,West
231,2,1,1,11,Female,55+,South
231,2,2,2,8,Female,55+,South
231,2,3,5,13,Female,55+,South
231,2,4,4,11,Female,55+,South
231,2,5,1,15,Female,55+,South
231,2,6,3,8,Female,55+,South
231,2,7,1,11,Female,55+,South
231,2,8,2,6,Female,55+,South
231,2,9,10,13,Female,55+,South
231,2,10,7,10,Female,55+,South
231,2,11,2,12,Female,55+,South
231,2,12,1,14,Female,55+,South
232,1,1,5,15,Male,35-54,East
232,1,2,1,13,Male,35-54,East
232,1,3,4,14,Male,35-54,East
232,1,4,1,11,Male,35-54,East
232,1,5,4,14,Male,35-54,East
232,1,6,10,15,Male,35-54,East
232,1,7,1,13,Male,35-54,East
232,1,8,8,11,Male,35-54,East
232,1,9,2,12,Male,35-54,East
232,1,10,1,3,Male,35-54,East
232,1,11,4,11,Male,35-54,East
232,1,12,6,14,Male,35-54,East
233,2,1,1,11,Male,18-34,North
233,2,2,2,9,Male,18-34,North
233,2,3,6,15,Male,18-34,North
233,2,4,4,13,Male,18-34,North
233,2,5,1,15,Male,18-34,North
233,2,6,2,12,Male,18-34,North
233,2,7,1,11,Male,18-34,North
233,2,8,2,9,Male,18-34,North
233,2,9,8,13,Male,18-34,North
233,2,10,4,9,Male,18-34,North
233,2,11,6,15,Male,18-34,North
233,2,12,1,8,Male,18-34,North
234,1,1,2,15,Male,18-34,South
234,1,2,1,13,Male,18-34,South
234,1,3,6,7,Male,18-34,South
234,1,4,1,9,Male,18-34,South
234,1,5,2,14,Male,18-34,South
234,1,6,13,15,Male,18-34,South
234,1,7,1,7,Male,18-34,South
234,1,8,8,11,Male,18-34,South
234,1,9,4,15,Male,18-34,South
234,1,10,1,7,Male,18-34,South
234,1,11,5,15,Male,18-34,South
234,1,12,2,14,Male,18-34,South
235,2,1,1,12,Female,35-54,South
235,2,2,14,8,Female,35-54,South
235,2,3,5,13,Female,35-54,South
235,2,4,9,4,Female,35-54,South
235,2,5,1,5,Female,35-54,South
235,2,6,2,8,Female,35-54,South
235,2,7,7,11,Female,35-54,South
235,2,8,2,6,Female,35-54,South
235,2,9,8,15,Female,35-54,South
235,2,10,11,10,Female,35-54,South
235,2,11,2,6,Female,35-54,South
235,2,12,3,8,Female,35-54,South
236,1,1,2,11,Female,35-54,East
236,1,2,1,12,Female,35-54,East
236,1,3,7,6,Female,35-54,East
236,1,4,1,11,Female,35-54,East
236,1,5,2,14,Female,35-54,East
236,1,6,5,10,Female,35-54,East
236,1,7,1,10,Female,35-54,East
236,1,8,3,11,Female,35-54,East
236,1,9,2,15,Female,35-54,East
236,1,10,1,10,Female,35-54,East
236,1,11,4,15,Female,35-54,East
236,1,12,2,13,Female,35-54,East
237,2,1,1,11,Male,35-54,West
237,2,2,2,14,Male,35-54,West
237,2,3,13,15,Male,35-54,West
237,2,4,11,13,Male,35-54,West
237,2,5,1,15,Male,35-54,West
237,2,6,2,14,Male,35-54,West
237,2,7,1,3,Male,35-54,West
237,2,8,2,14,Male,35-54,West
237,2,9,10,15,Male,35-54,West
237,2,10,7,10,Male,35-54,West
237,2,11,2,15,Male,35-54,West
237,2,12,1,8,Male,35-54,West
238,1,1,2,15,Male,18-34,North
238,1,2,1,12,Male,18-34,North
238,1,3,4,14,Male,18-34,North
238,1,4,6,11,Male,18-34,North
238,1,5,2,14,Male,18-34,North
238,1,6,5,10,Male,18-34,North
238,1,7,1,10,Male,18-34,North
238,1,8,3,11,Male,18-34,North
238,1,9,2,12,Male,18-34,North
238,1,10,1,10,Male,18-34,North
238,1,11,4,12,Male,18-34,North
238,1,12,2,14,Male,18-34,North
239,2,1,7,11,Female,35-54,South
239,2,2,2,8,Female,35-54,South
239,2,3,5,10,Female,35-54,South
239,2,4,4,13,Female,35-54,South
239,2,5,1,6,Female,35-54,South
239,2,6,3,12,Female,35-54,South
239,2,7,1,11,Female,35-54,South
239,2,8,2,14,Female,35-54,South
239,2,9,15,13,Female,35-54,South
239,2,10,4,11,Female,35-54,South
239,2,11,12,15,Female,35-54,South
239,2,12,1,14,Female,35-54,South
240,1,1,2,15,Male,35-54,West
240,1,2,1,12,Male,35-54,West
240,1,3,4,14,Male,35-54,West
240,1,4,6,9,Male,35-54,West
240,1,5,2,3,Male,35-54,West
240,1,6,13,10,Male,35-54,West
240,1,7,1,10,Male,35-54,West
240,1,8,5,11,Male,35-54,West
240,1,9,2,14,Male,35-54,West
240,1,10,3,10,Male,35-54,West
240,1,11,4,15,Male,35-54,West
240,1,12,2,14,Male,35-54,West
241,2,1,1,11,Female,18-34,East
241,2,2,4,14,Female,18-34,East
241,2,3,6,13,Female,18-34,East
241,2,4,4,13,Female,18-34,East
241,2,5,1,15,Female,18-34,East
241,2,6,3,14,Female,18-34,East
241,2,7,1,11,Female,18-34,East
241,2,8,5,9,Female,18-34,East
241,2,9,12,15,Female,18-34,East
241,2,10,4,10,Female,18-34,East
241,2,11,2,12,Female,18-34,East
241,2,12,3,14,Female,18-34,East
242,1,1,2,9,Female,55+,East
242,1,2,3,13,Female,55+,East
242,1,3,4,6,Female,55+,East
242,1,4,1,6,Female,55+,East
242,1,5,2,14,Female,55+,East
242,1,6,5,13,Female,55+,East
242,1,7,1,13,Female,55+,East
242,1,8,3,9,Female,55+,East
242,1,9,2,14,Female,55+,East
242,1,10,1,10,Female,55+,East
242,1,11,11,15,Female,55+,East
242,1,12,2,14,Female,55+,East
243,2,1,1,12,Male,18-34,West
243,2,2,4,14,Male,18-34,West
243,2,3,10,15,Male,18-34,West
243,2,4,9,13,Male,18-34,West
243,2,5,1,15,Male,18-34,West
243,2,6,8,14,Male,18-34,West
243,2,7,7,3,Male,18-34,West
243,2,8,6,14,Male,18-34,West
243,2,9,8,12,Male,18-34,West
243,2,10,7,10,Male,18-34,West
243,2,11,2,12,Male,18-34,West
243,2,12,1,14,Male,18-34,West
244,1,1,2,9,Male,35-54,East
244,1,2,1,13,Male,35-54,East
244,1,3,6,14,Male,35-54,East
244,1,4,1,11,Male,35-54,East
244,1,5,7,14,Male,35-54,East
244,1,6,5,15,Male,35-54,East
244,1,7,6,10,Male,35-54,East
244,1,8,5,11,Male,35-54,East
244,1,9,2,14,Male,35-54,East
244,1,10,1,10,Male,35-54,East
244,1,11,5,12,Male,35-54,East
244,1,12,2,14,Male,35-54,East
245,2,1,1,12,Female,35-54,North
245,2,2,2,8,Female,35-54,North
245,2,3,6,13,Female,35-54,North
245,2,4,4,13,Female,35-54,North
245,2,5,1,6,Female,35-54,North
245,2,6,2,14,Female,35-54,North
245,2,7,1,7,Female,35-54,North
245,2,8,2,6,Female,35-54,North
245,2,9,10,15,Female,35-54,North
245,2,10,4,9,Female,35-54,North
245,2,11,2,13,Female,35-54,North
245,2,12,3,14,Female,35-54,North
246,1,1,5,15,Female,18-34,West
246,1,2,3,13,Female,18-34,West
246,1,3,4,14,Female,18-34,West
246,1,4,1,6,Female,18-34,West
246,1,5,3,14,Female,18-34,West
246,1,6,5,10,Female,18-34,West
246,1,7,1,13,Female,18-34,West
246,1,8,3,11,Female,18-34,West
246,1,9,2,15,Female,18-34,West
246,1,10,7,9,Female,18-34,West
246,1,11,4,15,Female,18-34,West
246,1,12,2,13,Female,18-34,West
247,2,1,1,12,Male,18-34,West
247,2,2,2,14,Male,18-34,West
247,2,3,6,15,Male,18-34,West
247,2,4,11,13,Male,18-34,West
247,2,5,7,15,Male,18-34,West
247,2,6,2,12,Male,18-34,West
247,2,7,1,11,Male,18-34,West
247,2,8,2,14,Male,18-34,West
247,2,9,8,10,Male,18-34,West
247,2,10,10,9,Male,18-34,West
247,2,11,13,12,Male,18-34,West
247,2,12,1,14,Male,18-34,West
248,1,1,2,15,Female,55+,East
248,1,2,3,13,Female,55+,East
248,1,3,6,14,Female,55+,East
248,1,4,1,8,Female,55+,East
248,1,5,3,14,Female,55+,East
248,1,6,5,15,Female,55+,East
248,1,7,1,10,Female,55+,East
248,1,8,3,11,Female,55+,East
248,1,9,2,15,Female,55+,East
248,1,10,3,7,Female,55+,East
248,1,11,12,15,Female,55+,East
248,1,12,2,13,Female,55+,East
249,2,1,1,11,Female,18-34,North
249,2,2,4,14,Female,18-34,North
249,2,3,5,15,Female,18-34,North
249,2,4,4,13,Female,18-34,North
249,2,5,1,15,Female,18-34,North
249,2,6,3,14,Female,18-34,North
249,2,7,4,11,Female,18-34,North
249,2,8,2,14,Female,18-34,North
249,2,9,8,15,Female,18-34,North
249,2,10,4,11,Female,18-34,North
249,2,11,2,13,Female,18-34,North
249,2,12,1,8,Female,18-34,North
250,1,1,2,11,Female,55+,East
250,1,2,1,10,Female,55+,East
250,1,3,4,6,Female,55+,East
250,1,4,9,8,Female,55+,East
250,1,5,4,14,Female,55+,East
250,1,6,5,15,Female,55+,East
250,1,7,1,13,Female,55+,East
250,1,8,5,11,Female,55+,East
250,1,9,2,14,Female,55+,East
250,1,10,1,10,Female,55+,East
250,1,11,5,11,Female,55+,East
250,1,12,2,13,Female,55+,East
251,2,1,1,11,Female,55+,East
251,2,2,14,8,Female,55+,East
251,2,3,5,15,Female,55+,East
251,2,4,4,11,Female,55+,East
251,2,5,1,15,Female,55+,East
251,2,6,3,12,Female,55+,East
251,2,7,3,7,Female,55+,East
251,2,8,2,6,Female,55+,East
251,2,9,12,10,Female,55+,East
251,2,10,4,9,Female,55+,East
251,2,11,2,15,Female,55+,East
251,2,12,3,8,Female,55+,East
252,1,1,5,15,Male,18-34,West
252,1,2,3,10,Male,18-34,West
252,1,3,7,14,Male,18-34,West
252,1,4,1,9,Male,18-34,West
252,1,5,3,14,Male,18-34,West
252,1,6,5,15,Male,18-34,West
252,1,7,7,13,Male,18-34,West
252,1,8,8,11,Male,18-34,West
252,1,9,4,14,Male,18-34,West
252,1,10,1,10,Male,18-34,West
252,1,11,4,15,Male,18-34,West
252,1,12,8,13,Male,18-34,West
253,2,1,1,11,Male,35-54,East
253,2,2,2,14,Male,35-54,East
253,2,3,5,15,Male,35-54,East
253,2,4,10,13,Male,35-54,East
253,2,5,1,15,Male,35-54,East
253,2,6,3,14,Male,35-54,East
253,2,7,1,11,Male,35-54,East
253,2,8,2,14,Male,35-54,East
253,2,9,12,15,Male,35-54,East
253,2,10,4,11,Male,35-54,East
253,2,11,2,13,Male,35-54,East
253,2,12,1,14,Male,35-54,East
254,1,1,2,15,Female,55+,South
254,1,2,3,12,Female,55+,South
254,1,3,7,6,Female,55+,South
254,1,4,1,6,Female,55+,South
254,1,5,4,14,Female,55+,South
254,1,6,10,13,Female,55+,South
254,1,7,1,10,Female,55+,South
254,1,8,3,8,Female,55+,South
254,1,9,2,15,Female,55+,South
254,1,10,3,10,Female,55+,South
254,1,11,4,15,Female,55+,South
254,1,12,2,8,Female,55+,South
255,2,1,7,12,Female,18-34,West
255,2,2,4,2,Female,18-34,West
255,2,3,6,15,Female,18-34,West
255,2,4,4,11,Female,18-34,West
255,2,5,1,15,Female,18-34,West
255,2,6,8,2,Female,18-34,West
255,2,7,3,11,Female,18-34,West
255,2,8,6,14,Female,18-34,West
255,2,9,8,13,Female,18-34,West
255,2,10,7,11,Female,18-34,West
255,2,11,2,15,Female,18-34,West
255,2,12,1,14,Female,18-34,West
256,1,1,2,9,Male,35-54,North
256,1,2,1,12,Male,35-54,North
256,1,3,4,14,Male,35-54,North
256,1,4,1,11,Male,35-54,North
256,1,5,2,14,Male,35-54,North
256,1,6,10,12,Male,35-54,North
256,1,7,1,6,Male,35-54,North
256,1,8,5,9,Male,35-54,North
256,1,9,4,12,Male,35-54,North
256,1,10,9,7,Male,35-54,North
256,1,11,15,11,Male,35-54,North
256,1,12,2,13,Male,35-54,North
257,2,1,1,11,Male,55+,South
257,2,2,2,9,Male,55+,South
257,2,3,5,6,Male,55+,South
257,2,4,4,10,Male,55+,South
257,2,5,6,15,Male,55+,South
257,2,6,2,14,Male,55+,South
257,2,7,1,11,Male,55+,South
257,2,8,2,14,Male,55+,South
257,2,9,12,15,Male,55+,South
257,2,10,10,11,Male,55+,South
257,2,11,2,12,Male,55+,South
257,2,12,1,14,Male,55+,South
258,1,1,5,15,Male,55+,South
258,1,2,1,10,Male,55+,South
258,1,3,7,14,Male,55+,South
258,1,4,1,8,Male,55+,South
258,1,5,2,14,Male,55+,South
258,1,6,5,10,Male,55+,South
258,1,7,1,13,Male,55+,South
258,1,8,3,11,Male,55+,South
258,1,9,2,14,Male,55+,South
258,1,10,1,10,Male,55+,South
258,1,11,11,15,Male,55+,South
258,1,12,2,14,Male,55+,South
259,2,1,7,11,Female,55+,South
259,2,2,2,8,Female,55+,South
259,2,3,5,15,Female,55+,South
259,2,4,4,13,Female,55+,South
259,2,5,5,6,Female,55+,South
259,2,6,2,14,Female,55+,South
259,2,7,1,11,Female,55+,South
259,2,8,2,9,Female,55+,South
259,2,9,12,15,Female,55+,South
259,2,10,7,11,Female,55+,South
259,2,11,2,15,Female,55+,South
259,2,12,5,14,Female,55+,South
260,1,1,2,15,Female,35-54,North
260,1,2,1,13,Female,35-54,North
260,1,3,4,14,Female,35-54,North
260,1,4,1,6,Female,35-54,North
260,1,5,4,14,Female,35-54,North
260,1,6,5,12,Female,35-54,North
260,1,7,1,10,Female,35-54,North
260,1,8,3,9,Female,35-54,North
260,1,9,2,14,Female,35-54,North
260,1,10,1,7,Female,35-54,North
260,1,11,4,15,Female,35-54,North
260,1,12,2,8,Female,35-54,North
261,2,1,1,11,Male,55+,South
261,2,2,2,14,Male,55+,South
261,2,3,5,15,Male,55+,South
261,2,4,4,13,Male,55+,South
261,2,5,1,15,Male,55+,South
261,2,6,2,8,Male,55+,South
261,2,7,1,11,Male,55+,South
261,2,8,6,14,Male,55+,South
261,2,9,8,12,Male,55+,South
261,2,10,7,11,Male,55+,South
261,2,11,2,15,Male,55+,South
261,2,12,1,14,Male,55+,South
262,1,1,5,15,Male,18-34,East
262,1,2,1,10,Male,18-34,East
262,1,3,6,14,Male,18-34,East
262,1,4,1,8,Male,18-34,East
262,1,5,2,7,Male,18-34,East
262,1,6,13,10,Male,18-34,East
262,1,7,1,10,Male,18-34,East
262,1,8,3,9,Male,18-34,East
262,1,9,12,15,Male,18-34,East
262,1,10,1,7,Male,18-34,East
262,1,11,5,15,Male,18-34,East
262,1,12,6,14,Male,18-34,East
263,2,1,3,11,Female,18-34,South
263,2,2,2,9,Female,18-34,South
263,2,3,10,15,Female,18-34,South
263,2,4,4,9,Female,18-34,South
263,2,5,5,15,Female,18-34,South
263,2,6,3,14,Female,18-34,South
263,2,7,3,11,Female,18-34,South
263,2,8,2,9,Female,18-34,South
263,2,9,13,15,Female,18-34,South
263,2,10,9,10,Female,18-34,South
263,2,11,2,15,Female,18-34,South
263,2,12,3,8,Female,18-34,South
264,1,1,2,9,Female,35-54,East
264,1,2,1,13,Female,35-54,East
264,1,3,6,8,Female,35-54,East
264,1,4,1,9,Female,35-54,East
264,1,5,2,14,Female,35-54,East
264,1,6,5,15,Female,35-54,East
264,1,7,7,10,Female,35-54,East
264,1,8,3,11,Female,35-54,East
264,1,9,2,15,Female,35-54,East
264,1,10,1,10,Female,35-54,East
264,1,11,5,12,Female,35-54,East
264,1,12,2,14,Female,35-54,East
265,2,1,7,12,Female,55+,South
265,2,2,2,8,Female,55+,South
265,2,3,5,13,Female,55+,South
265,2,4,4,10,Female,55+,South
265,2,5,5,15,Female,55+,South
265,2,6,2,12,Female,55+,South
265,2,7,7,11,Female,55+,South
265,2,8,2,6,Female,55+,South
265,2,9,13,15,Female,55+,South
265,2,10,4,9,Female,55+,South
265,2,11,2,12,Female,55+,South
265,2,12,1,14,Female,55+,South
266,1,1,2,15,Male,55+,East
266,1,2,1,10,Male,55+,East
266,1,3,4,14,Male,55+,East
266,1,4,1,9,Male,55+,East
266,1,5,2,14,Male,55+,East
266,1,6,12,13,Male,55+,East
266,1,7,1,13,Male,55+,East
266,1,8,3,8,Male,55+,East
266,1,9,2,14,Male,55+,East
266,1,10,1,10,Male,55+,East
266,1,11,4,11,Male,55+,East
266,1,12,2,14,Male,55+,East
267,2,1,1,11,Male,18-34,North
267,2,2,4,14,Male,18-34,North
267,2,3,6,15,Male,18-34,North
267,2,4,4,11,Male,18-34,North
267,2,5,5,15,Male,18-34,North
267,2,6,3,14,Male,18-34,North
267,2,7,3,11,Male,18-34,North
267,2,8,9,14,Male,18-34,North
267,2,9,8,13,Male,18-34,North
267,2,10,4,11,Male,18-34,North
267,2,11,2,13,Male,18-34,North
267,2,12,1,14,Male,18-34,North
268,1,1,5,15,Female,18-34,West
268,1,2,1,13,Female,18-34,West
268,1,3,4,6,Female,18-34,West
268,1,4,1,8,Female,18-34,West
268,1,5,2,14,Female,18-34,West
268,1,6,5,15,Female,18-34,West
268,1,7,1,13,Female,18-34,West
268,1,8,3,9,Female,18-34,West
268,1,9,2,15,Female,18-34,West
268,1,10,1,9,Female,18-34,West
268,1,11,4,11,Female,18-34,West
268,1,12,2,13,Female,18-34,West
269,2,1,7,11,Male,55+,South
269,2,2,2,14,Male,55+,South
269,2,3,10,13,Male,55+,South
269,2,4,4,11,Male,55+,South
269,2,5,1,15,Male,55+,South
269,2,6,2,14,Male,55+,South
269,2,7,1,11,Male,55+,South
269,2,8,5,14,Male,55+,South
269,2,9,12,8,Male,55+,South
269,2,10,4,11,Male,55+,South
269,2,11,2,12,Male,55+,South
269,2,12,1,14,Male,55+,South
270,1,1,2,15,Female,18-34,West
270,1,2,1,10,Female,18-34,West
270,1,3,7,14,Female,18-34,West
270,1,4,1,9,Female,18-34,West
270,1,5,2,14,Female,18-34,West
270,1,6,12,13,Female,18-34,West
270,1,7,6,10,Female,18-34,West
270,1,8,11,9,Female,18-34,West
270,1,9,2,12,Female,18-34,West
270,1,10,3,9,Female,18-34,West
270,1,11,4,15,Female,18-34,West
270,1,12,6,13,Female,18-34,West
271,2,1,3,12,Female,18-34,West
271,2,2,2,9,Female,18-34,West
271,2,3,13,15,Female,18-34,West
271,2,4,11,9,Female,18-34,West
271,2,5,1,5,Female,18-34,West
271,2,6,3,12,Female,18-34,West
271,2,7,1,11,Female,18-34,West
271,2,8,5,9,Female,18-34,West
271,2,9,13,15,Female,18-34,West
271,2,10,7,10,Female,18-34,West
271,2,11,6,12,Female,18-34,West
271,2,12,1,8,Female,18-34,West
272,1,1,2,9,Female,55+,South
272,1,2,3,12,Female,55+,South
272,1,3,4,8,Female,55+,South
272,1,4,1,6,Female,55+,South
272,1,5,3,7,Female,55+,South
272,1,6,5,12,Female,55+,South
272,1,7,1,13,Female,55+,South
272,1,8,5,11,Female,55+,South
272,1,9,2,15,Female,55+,South
272,1,10,1,9,Female,55+,South
272,1,11,5,15,Female,55+,South
272,1,12,2,8,Female,55+,South
273,2,1,1,12,Female,18-34,West
273,2,2,4,14,Female,18-34,West
273,2,3,5,10,Female,18-34,West
273,2,4,11,10,Female,18-34,West
273,2,5,1,6,Female,18-34,West
273,2,6,3,12,Female,18-34,West
273,2,7,3,11,Female,18-34,West
273,2,8,5,14,Female,18-34,West
273,2,9,8,15,Female,18-34,West
273,2,10,7,9,Female,18-34,West
273,2,11,6,13,Female,18-34,West
273,2,12,1,14,Female,18-34,West
274,1,1,5,9,Male,35-54,West
274,1,2,1,10,Male,35-54,West
274,1,3,7,14,Male,35-54,West
274,1,4,1,8,Male,35-54,West
274,1,5,7,3,Male,35-54,West
274,1,6,12,13,Male,35-54,West
274,1,7,1,7,Male,35-54,West
274,1,8,3,9,Male,35-54,West
274,1,9,4,14,Male,35-54,West
274,1,10,1,9,Male,35-54,West
274,1,11,5,15,Male,35-54,West
274,1,12,2,14,Male,35-54,West
275,2,1,1,12,Female,35-54,North
275,2,2,2,14,Female,35-54,North
275,2,3,5,15,Female,35-54,North
275,2,4,4,13,Female,35-54,North
275,2,5,1,15,Female,35-54,North
275,2,6,2,14,Female,35-54,North
275,2,7,1,11,Female,35-54,North
275,2,8,2,6,Female,35-54,North
275,2,9,13,15,Female,35-54,North
275,2,10,7,10,Female,35-54,North
275,2,11,2,12,Female,35-54,North
275,2,12,3,14,Female,35-54,North
276,1,1,2,15,Female,35-54,East
276,1,2,1,13,Female,35-54,East
276,1,3,14,8,Female,35-54,East
276,1,4,1,8,Female,35-54,East
276,1,5,3,7,Female,35-54,East
276,1,6,5,15,Female,35-54,East
276,1,7,1,13,Female,35-54,East
276,1,8,3,11,Female,35-54,East
276,1,9,14,15,Female,35-54,East
276,1,10,1,9,Female,35-54,East
276,1,11,11,15,Female,35-54,East
276,1,12,2,13,Female,35-54,East
277,2,1,1,12,Female,35-54,North
277,2,2,2,14,Female,35-54,North
277,2,3,5,6,Female,35-54,North
277,2,4,9,13,Female,35-54,North
277,2,5,1,6,Female,35-54,North
277,2,6,2,14,Female,35-54,North
277,2,7,1,11,Female,35-54,North
277,2,8,2,14,Female,35-54,North
277,2,9,10,13,Female,35-54,North
277,2,10,4,11,Female,35-54,North
277,2,11,2,13,Female,35-54,North
277,2,12,1,8,Female,35-54,North
278,1,1,2,15,Male,55+,North
278,1,2,1,12,Male,55+,North
278,1,3,4,14,Male,55+,North
278,1,4,1,9,Male,55+,North
278,1,5,2,14,Male,55+,North
278,1,6,5,13,Male,55+,North
278,1,7,1,6,Male,55+,North
278,1,8,11,8,Male,55+,North
278,1,9,2,15,Male,55+,North
278,1,10,1,9,Male,55+,North
278,1,11,4,15,Male,55+,North
278,1,12,2,14,Male,55+,North
279,2,1,1,7,Female,35-54,West
279,2,2,2,14,Female,35-54,West
279,2,3,5,6,Female,35-54,West
279,2,4,4,13,Female,35-54,West
279,2,5,5,15,Female,35-54,West
279,2,6,2,12,Female,35-54,West
279,2,7,1,11,Female,35-54,West
279,2,8,5,9,Female,35-54,West
279,2,9,8,15,Female,35-54,West
279,2,10,4,10,Female,35-54,West
279,2,11,2,15,Female,35-54,West
279,2,12,3,8,Female,35-54,West
280,1,1,2,15,Female,35-54,East
280,1,2,1,13,Female,35-54,East
280,1,3,4,8,Female,35-54,East
280,1,4,6,8,Female,35-54,East
280,1,5,3,14,Female,35-54,East
280,1,6,10,15,Female,35-54,East
280,1,7,1,13,Female,35-54,East
280,1,8,3,8,Female,35-54,East
280,1,9,2,15,Female,35-54,East
280,1,10,3,10,Female,35-54,East
280,1,11,11,4,Female,35-54,East
280,1,12,2,14,Female,35-54,East
281,2,1,3,7,Female,35-54,North
281,2,2,4,9,Female,35-54,North
281,2,3,5,10,Female,35-54,North
281,2,4,4,11,Female,35-54,North
281,2,5,1,15,Female,35-54,North
281,2,6,3,14,Female,35-54,North
281,2,7,1,11,Female,35-54,North
281,2,8,2,9,Female,35-54,North
281,2,9,10,8,Female,35-54,North
281,2,10,4,10,Female,35-54,North
281,2,11,2,13,Female,35-54,North
281,2,12,1,8,Female,35-54,North
282,1,1,2,11,Male,35-54,East
282,1,2,1,13,Male,35-54,East
282,1,3,6,14,Male,35-54,East
282,1,4,1,9,Male,35-54,East
282,1,5,2,14,Male,35-54,East
282,1,6,10,15,Male,35-54,East
282,1,7,1,13,Male,35-54,East
282,1,8,9,8,Male,35-54,East
282,1,9,2,14,Male,35-54,East
282,1,10,1,9,Male,35-54,East
282,1,11,5,12,Male,35-54,East
282,1,12,2,14,Male,35-54,East
283,2,1,3,11,Male,18-34,East
283,2,2,8,9,Male,18-34,East
283,2,3,6,15,Male,18-34,East
283,2,4,4,9,Male,18-34,East
283,2,5,1,15,Male,18-34,East
283,2,6,14,12,Male,18-34,East
283,2,7,1,4,Male,18-34,East
283,2,8,6,9,Male,18-34,East
283,2,9,8,10,Male,18-34,East
283,2,10,10,4,Male,18-34,East
283,2,11,6,13,Male,18-34,East
283,2,12,8,14,Male,18-34,East
284,1,1,5,15,Female,18-34,North
284,1,2,3,12,Female,18-34,North
284,1,3,7,14,Female,18-34,North
284,1,4,1,6,Female,18-34,North
284,1,5,7,14,Female,18-34,North
284,1,6,5,12,Female,18-34,North
284,1,7,7,13,Female,18-34,North
284,1,8,3,11,Female,18-34,North
284,1,9,2,15,Female,18-34,North
284,1,10,1,10,Female,18-34,North
284,1,11,4,12,Female,18-34,North
284,1,12,2,13,Female,18-34,North
285,2,1,1,12,Female,35-54,North
285,2,2,2,14,Female,35-54,North
285,2,3,6,13,Female,35-54,North
285,2,4,9,11,Female,35-54,North
285,2,5,1,15,Female,35-54,North
285,2,6,2,8,Female,35-54,North
285,2,7,1,7,Female,35-54,North
285,2,8,5,14,Female,35-54,North
285,2,9,15,13,Female,35-54,North
285,2,10,4,10,Female,35-54,North
285,2,11,2,15,Female,35-54,North
285,2,12,3,14,Female,35-54,North
286,1,1,2,11,Female,55+,West
286,1,2,3,12,Female,55+,West
286,1,3,7,6,Female,55+,West
286,1,4,1,6,Female,55+,West
286,1,5,4,7,Female,55+,West
286,1,6,5,15,Female,55+,West
286,1,7,1,13,Female,55+,West
286,1,8,3,8,Female,55+,West
286,1,9,2,15,Female,55+,West
286,1,10,1,10,Female,55+,West
286,1,11,11,15,Female,55+,West
286,1,12,2,14,Female,55+,West
287,2,1,1,11,Female,55+,East
287,2,2,2,14,Female,55+,East
287,2,3,13,6,Female,55+,East
287,2,4,9,13,Female,55+,East
287,2,5,1,6,Female,55+,East
287,2,6,2,12,Female,55+,East
287,2,7,1,11,Female,55+,East
287,2,8,2,14,Female,55+,East
287,2,9,8,13,Female,55+,East
287,2,10,7,11,Female,55+,East
287,2,11,2,15,Female,55+,East
287,2,12,1,8,Female,55+,East
288,1,1,2,9,Male,35-54,South
288,1,2,1,13,Male,35-54,South
288,1,3,4,14,Male,35-54,South
288,1,4,1,11,Male,35-54,South
288,1,5,2,14,Male,35-54,South
288,1,6,5,13,Male,35-54,South
288,1,7,1,13,Male,35-54,South
288,1,8,3,8,Male,35-54,South
288,1,9,2,14,Male,35-54,South
288,1,10,1,3,Male,35-54,South
288,1,11,5,11,Male,35-54,South
288,1,12,2,13,Male,35-54,South
289,2,1,1,12,Male,55+,West
289,2,2,2,9,Male,55+,West
289,2,3,5,10,Male,55+,West
289,2,4,13,10,Male,55+,West
289,2,5,1,6,Male,55+,West
289,2,6,2,12,Male,55+,West
289,2,7,1,11,Male,55+,West
289,2,8,2,14,Male,55+,West
289,2,9,10,13,Male,55+,West
289,2,10,7,9,Male,55+,West
289,2,11,2,15,Male,55+,West
289,2,12,1,14,Male,55+,West
290,1,1,2,15,Female,35-54,South
290,1,2,3,12,Female,35-54,South
290,1,3,6,14,Female,35-54,South
290,1,4,1,8,Female,35-54,South
290,1,5,2,14,Female,35-54,South
290,1,6,5,13,Female,35-54,South
290,1,7,1,10,Female,35-54,South
290,1,8,3,8,Female,35-54,South
290,1,9,2,12,Female,35-54,South
290,1,10,1,10,Female,35-54,South
290,1,11,5,11,Female,35-54,South
290,1,12,2,13,Female,35-54,South
291,2,1,1,12,Male,18-34,North
291,2,2,8,14,Male,18-34,North
291,2,3,6,13,Male,18-34,North
291,2,4,9,13,Male,18-34,North
291,2,5,5,15,Male,18-34,North
291,2,6,2,12,Male,18-34,North
291,2,7,1,7,Male,18-34,North
291,2,8,2,14,Male,18-34,North
291,2,9,8,12,Male,18-34,North
291,2,10,4,7,Male,18-34,North
291,2,11,2,13,Male,18-34,North
291,2,12,8,14,Male,18-34,North
292,1,1,2,15,Male,35-54,South
292,1,2,1,12,Male,35-54,South
292,1,3,7,14,Male,35-54,South
292,1,4,1,9,Male,35-54,South
292,1,5,2,14,Male,35-54,South
292,1,6,15,12,Male,35-54,South
292,1,7,1,13,Male,35-54,South
292,1,8,5,11,Male,35-54,South
292,1,9,2,12,Male,35-54,South
292,1,10,1,9,Male,35-54,South
292,1,11,5,15,Male,35-54,South
292,1,12,2,13,Male,35-54,South
293,2,1,3,11,Male,18-34,North
293,2,2,8,9,Male,18-34,North
293,2,3,5,13,Male,18-34,North
293,2,4,9,11,Male,18-34,North
293,2,5,1,15,Male,18-34,North
293,2,6,8,12,Male,18-34,North
293,2,7,1,11,Male,18-34,North
293,2,8,2,14,Male,18-34,North
293,2,9,8,12,Male,18-34,North
293,2,10,9,11,Male,18-34,North
293,2,11,12,15,Male,18-34,North
293,2,12,3,14,Male,18-34,North
294,1,1,11,15,Female,35-54,North
294,1,2,1,13,Female,35-54,North
294,1,3,6,14,Female,35-54,North
294,1,4,6,8,Female,35-54,North
294,1,5,3,14,Female,35-54,North
294,1,6,5,13,Female,35-54,North
294,1,7,1,13,Female,35-54,North
294,1,8,5,8,Female,35-54,North
294,1,9,4,12,Female,35-54,North
294,1,10,1,10,Female,35-54,North
294,1,11,4,12,Female,35-54,North
294,1,12,2,14,Female,35-54,North
295,2,1,1,12,Female,55+,South
295,2,2,2,14,Female,55+,South
295,2,3,5,10,Female,55+,South
295,2,4,4,10,Female,55+,South
295,2,5,7,6,Female,55+,South
295,2,6,2,8,Female,55+,South
295,2,7,7,11,Female,55+,South
295,2,8,5,14,Female,55+,South
295,2,9,10,15,Female,55+,South
295,2,10,4,10,Female,55+,South
295,2,11,2,6,Female,55+,South
295,2,12,1,8,Female,55+,South
296,1,1,11,9,Female,35-54,South
296,1,2,3,13,Female,35-54,South
296,1,3,4,6,Female,35-54,South
296,1,4,1,9,Female,35-54,South
296,1,5,3,7,Female,35-54,South
296,1,6,5,15,Female,35-54,South
296,1,7,1,13,Female,35-54,South
296,1,8,3,9,Female,35-54,South
296,1,9,2,15,Female,35-54,South
296,1,10,3,9,Female,35-54,South
296,1,11,4,15,Female,35-54,South
296,1,12,2,13,Female,35-54,South
297,2,1,1,11,Female,18-34,South
297,2,2,14,9,Female,18-34,South
297,2,3,5,15,Female,18-34,South
297,2,4,4,13,Female,18-34,South
297,2,5,5,6,Female,18-34,South
297,2,6,3,12,Female,18-34,South
297,2,7,3,11,Female,18-34,South
297,2,8,2,14,Female,18-34,South
297,2,9,12,15,Female,18-34,South
297,2,10,7,10,Female,18-34,South
297,2,11,2,15,Female,18-34,South
297,2,12,3,8,Female,18-34,South
298,1,1,2,15,Male,35-54,West
298,1,2,1,13,Male,35-54,West
298,1,3,7,14,Male,35-54,West
298,1,4,1,11,Male,35-54,West
298,1,5,2,14,Male,35-54,West
298,1,6,10,13,Male,35-54,West
298,1,7,1,10,Male,35-54,West
298,1,8,11,9,Male,35-54,West
298,1,9,2,15,Male,35-54,West
298,1,10,9,7,Male,35-54,West
298,1,11,5,12,Male,35-54,West
298,1,12,2,14,Male,35-54,West
299,2,1,1,12,Female,18-34,North
299,2,2,8,9,Female,18-34,North
299,2,3,5,15,Female,18-34,North
299,2,4,9,10,Female,18-34,North
299,2,5,1,15,Female,18-34,North
299,2,6,3,14,Female,18-34,North
299,2,7,3,11,Female,18-34,North
299,2,8,9,6,Female,18-34,North
299,2,9,13,8,Female,18-34,North
299,2,10,11,9,Female,18-34,North
299,2,11,2,15,Female,18-34,North
299,2,12,1,14,Female,18-34,North
300,1,1,2,15,Male,35-54,East
300,1,2,1,12,Male,35-54,East
300,1,3,8,14,Male,35-54,East
300,1,4,1,11,Male,35-54,East
300,1,5,2,14,Male,35-54,East
300,1,6,13,10,Male,35-54,East
300,1,7,1,10,Male,35-54,East
300,1,8,3,9,Male,35-54,East
300,1,9,4,15,Male,35-54,East
300,1,10,1,9,Male,35-54,East
300,1,11,5,15,Male,35-54,East
300,1,12,2,14,Male,35-54,East
